Id,Name,Estimated Diameter,Diameter Category,Relative Velocity,Velocity Cayegory,Hazardous
2162635,162635 (2000 SS164),2.679414966,Too High,13569.24922,Too Low,FALSE
2277475,277475 (2005 WK4),0.594346868,Too High,73588.72666,Too High,TRUE
2512244,512244 (2015 YE18),1.614507173,Too High,114258.6921,Too High,FALSE
3596030,(2012 BV13),0.215794305,High,24764.30314,Too Low,FALSE
3667127,(2014 GE35),0.570216761,Too High,42737.73376,Low,TRUE
54138696,(2021 GY23),0.081290534,Low,34297.58778,Low,FALSE
54189957,(2021 PY40),0.383742569,High,27529.47231,Too Low,FALSE
54230078,(2021 XD6),0.011913517,Too Low,57544.47008,High,FALSE
2088213,88213 (2001 AF2),0.783501764,Too High,56625.21012,High,FALSE
3766065,(2016 YM),0.23661375,High,48425.84033,High,FALSE
54049873,(2020 OT6),0.564988982,Too High,58430.6972,High,TRUE
54099949,(2020 XW4),0.342010925,High,64393.92832,High,FALSE
54104555,(2021 AW1),0.156329154,Low,38018.61529,Low,FALSE
54235433,(2022 AM),0.013741685,Too Low,24323.04614,Too Low,FALSE
2198752,198752 (2005 EA60),0.648694146,Too High,10402.00218,Too Low,FALSE
3069224,(2000 YT134),1.081533507,Too High,74576.93076,Too High,FALSE
3739154,(2016 AF2),0.015632915,Too Low,75486.09085,Too High,FALSE
3795026,(2017 YU3),0.098637028,Low,70770.59114,Too High,FALSE
3797456,(2018 AN2),0.065168838,Low,42111.04408,Low,FALSE
3825138,(2018 LC3),1.032856481,Too High,104810.0937,Too High,FALSE
3835974,(2018 VK1),0.02187963,Too Low,49452.24058,High,FALSE
3842597,(2019 KN2),0.022596438,Too Low,27462.37801,Too Low,FALSE
54053939,(2020 RD4),0.006824015,Too Low,47644.44846,Low,FALSE
2506491,506491 (2003 UW29),0.450858206,Too High,115899.1805,Too High,TRUE
3329370,(2006 GB1),0.113250461,Low,33803.16656,Low,FALSE
3623582,(2013 AU27),0.986370281,Too High,69871.97731,Too High,FALSE
3768024,(2017 CQ),0.392681082,High,71487.94083,Too High,FALSE
3781344,(2017 RV),0.247765013,High,48655.30513,High,TRUE
54076362,(2020 UF5),0.07145621,Low,17906.49109,Too Low,FALSE
54105263,(2021 AZ4),0.304817558,High,109370.3762,Too High,FALSE
54232321,(2022 AB),0.113250461,Low,67866.92707,Too High,FALSE
2007480,7480 Norwan (1994 PC),2.301653685,Too High,24889.1853,Too Low,FALSE
2020425,20425 (1998 VD35),0.494356193,Too High,40625.28895,Low,TRUE
2337345,337345 (2001 KO20),0.450858206,Too High,35852.70919,Low,FALSE
3608427,(2012 RO1),0.682401509,Too High,50429.07519,High,FALSE
3654336,(2013 XS3),0.498930414,Too High,53877.16915,High,FALSE
54016465,(2020 GF1),0.03266179,Too Low,18985.19191,Too Low,FALSE
54235525,(2022 AP1),0.012648528,Too Low,62986.28833,High,FALSE
2002100,2100 Ra-Shalom (1978 RA),3.373183589,Too High,52325.45365,High,FALSE
2003362,3362 Khufu (1984 QA),1.30028927,Too High,37279.21093,Low,TRUE
2004688,4688 (1980 WF),0.755161741,Too High,25692.76738,Too Low,FALSE
2252558,252558 (2001 WT1),0.542050786,Too High,39304.72151,Low,FALSE
2452334,452334 (2001 LB),0.375007522,High,40893.82421,Low,FALSE
3067492,(2000 YS134),0.142573883,Low,17928.59766,Too Low,FALSE
3313974,(2006 BV39),0.008995804,Too Low,78622.5635,Too High,FALSE
3379718,(2007 NL1),0.342010925,High,58668.28989,High,FALSE
3463175,(2009 LW2),0.682401509,Too High,67427.24133,Too High,TRUE
3572706,(2011 OB),0.820427065,Too High,93603.43889,Too High,TRUE
3731680,(2015 UK),0.031191767,Too Low,34034.94448,Low,FALSE
3740825,(2016 BN1),0.442629117,High,45273.27541,Low,FALSE
3986682,(2020 AN3),0.472106499,Too High,61503.17484,High,TRUE
2085182,85182 (1991 AQ),2.291078547,Too High,133569.0448,Too High,TRUE
3395956,(2007 WM3),0.142573883,Low,34057.46453,Low,FALSE
3624232,(2013 AJ91),0.748238376,Too High,178961.5176,Too High,FALSE
3794971,(2017 YP1),0.043056624,Too Low,62992.15855,High,FALSE
54158069,(2021 LW3),0.143231975,Low,62231.12402,High,FALSE
3557536,(2011 CL50),0.020608196,Too Low,10942.40209,Too Low,FALSE
3656918,(2014 BF3),0.375007522,High,45437.90245,Low,FALSE
54057195,(2020 FG15),0.124176661,Low,19618.64287,Too Low,FALSE
54137509,(2021 GS12),0.045085821,Too Low,27829.88095,Too Low,FALSE
2503880,503880 (2000 YJ29),1.54184238,Too High,104251.3301,Too High,FALSE
3172329,(2004 BK11),0.196806745,High,10141.45735,Too Low,FALSE
3740044,(2016 AJ165),0.049435619,Too Low,45840.96637,Low,FALSE
3776011,(2017 MZ2),0.045085821,Too Low,48278.26608,High,FALSE
54017304,(2020 KB7),0.019680675,Too Low,17681.6094,Too Low,FALSE
54091635,(2020 WR1),0.076566709,Low,67031.14096,Too High,FALSE
2086450,86450 (2000 CK33),1.241766613,Too High,44690.61054,Low,FALSE
2162854,162854 (2001 DE47),0.946324271,Too High,41150.29992,Low,FALSE
2425755,425755 (2011 CP4),0.342010925,High,138119.6179,Too High,TRUE
3605793,(2012 MP),0.375007522,High,32849.27184,Low,FALSE
3610526,(2012 TO139),0.636854144,Too High,121698.2652,Too High,TRUE
3625335,(2013 BC70),0.089958039,Low,56257.76642,High,FALSE
3653190,(2013 US3),0.325117225,High,60442.5024,High,TRUE
3685814,(2014 RF11),0.103285648,Low,17937.5673,Too Low,FALSE
3753287,(2016 JU28),0.017141151,Too Low,49951.05688,High,FALSE
54248008,(2022 DG),0.021185562,Too Low,66140.41328,High,FALSE
2026663,26663 (2000 XK47),1.318378096,Too High,54040.42642,High,TRUE
2138911,138911 (2001 AE2),0.839537266,Too High,18349.90208,Too Low,FALSE
2153219,153219 (2000 YM29),1.164233197,Too High,80511.75444,Too High,FALSE
2162117,162117 (1998 SD15),0.941976306,Too High,79531.90922,Too High,FALSE
2230111,230111 (2001 BE10),0.899580388,Too High,46055.70424,Low,TRUE
3656413,(2014 BP),0.056759685,Low,36084.47596,Low,FALSE
3673866,(2014 MR5),0.082042707,Low,37922.05764,Low,FALSE
3699442,(2014 WP362),0.136157002,Low,41350.48334,Low,FALSE
54017323,(2020 KP7),0.247765013,High,70986.82559,Too High,FALSE
54101674,(2020 YL2),0.059709025,Low,97279.05677,Too High,FALSE
54104542,(2021 AG1),0.083953727,Low,54577.4835,High,FALSE
54264233,(2022 FY),0.015850391,Too Low,68836.10234,Too High,FALSE
2068031,68031 (2000 YK29),1.406176963,Too High,28380.34718,Too Low,FALSE
2455199,455199 (2000 YK4),0.651688382,Too High,56585.6108,High,FALSE
3071939,(2001 BB16),0.136157002,Low,14838.50951,Too Low,FALSE
3102762,(2002 AA29),0.089958039,Low,21809.76629,Too Low,FALSE
3655734,(2014 AB),0.375007522,High,50274.75255,High,FALSE
3841199,(2019 GK20),0.068240151,Low,45889.53687,Low,FALSE
3125003,(2002 JE9),0.311917671,High,50481.48332,High,TRUE
3471976,(2009 TD17),0.017141151,Too Low,26099.374,Too Low,FALSE
3768653,(2017 CW1),0.311917671,High,33773.1376,Low,FALSE
3790129,(2017 XD),1.959025002,Too High,167372.8035,Too High,FALSE
3799636,(2018 CV13),0.346768771,High,35075.26186,Low,FALSE
3842613,(2019 KZ2),0.311917671,High,67641.07611,Too High,FALSE
54049789,(2020 OT4),0.03266179,Too Low,24060.65912,Too Low,FALSE
2612358,612358 (2002 JE9),0.314803809,High,50481.48353,High,TRUE
3072545,(2001 BD16),0.602615057,Too High,96789.97619,Too High,FALSE
3398648,(2007 YM56),0.204192591,High,25026.34941,Too Low,FALSE
3684344,(2014 QK362),0.284472297,High,59454.91495,High,FALSE
3743119,(2016 CW137),0.748238376,Too High,82722.61915,Too High,TRUE
3795036,(2017 YW3),0.029787906,Too Low,47824.61386,Low,FALSE
3797488,(2018 AX3),0.130028927,Low,42486.44437,Low,FALSE
3893740,(2019 WK5),0.430566244,High,45851.83705,Low,FALSE
54239541,(2022 BA),0.316256878,High,53188.88599,High,TRUE
2020790,20790 (2000 SE45),3.148038092,Too High,20431.90061,Too Low,FALSE
2537829,537829 (2015 XY378),0.69189466,Too High,35424.59499,Low,FALSE
3068066,(2001 BA16),0.037500752,Too Low,18373.88715,Too Low,FALSE
3092288,(2001 BN61),0.059434687,Low,31621.78875,Low,FALSE
3725977,(2015 PC228),0.748238376,Too High,46693.00405,Low,FALSE
3746629,(2016 EN156),0.016369672,Too Low,27295.23063,Too Low,FALSE
3801934,(2018 EJ4),0.316256878,High,30806.14906,Too Low,TRUE
3802037,(2018 FA3),0.163696721,Low,60614.63238,High,FALSE
3841713,(2019 JM1),0.094197631,Low,71055.47812,Too High,FALSE
3985571,(2020 AV2),3.467687706,Too High,44991.45244,Low,FALSE
3986701,(2020 BE),0.247765013,High,88216.37613,Too High,FALSE
2594913,594913 'Aylo'chaxnim (2020 AV2),3.404395273,Too High,44991.34776,Low,FALSE
2526742,526742 (2006 WR127),0.517654482,Too High,49211.35994,High,FALSE
3554439,(2010 YO),0.07145621,Low,51531.02959,High,FALSE
3588787,(2011 WK15),0.682401509,Too High,64788.30583,High,FALSE
3789119,(2017 VA2),0.130028927,Low,42545.64188,Low,FALSE
54209481,(2021 TC15),0.200465656,High,63776.39048,High,FALSE
54244780,(2022 CC1),0.022389272,Too Low,49256.00824,High,FALSE
3157021,(2003 ME1),0.113250461,Low,43948.72375,Low,FALSE
3516632,(2010 GR75),0.714562102,Too High,76744.77145,Too High,FALSE
3740496,(2016 AG193),0.117500572,Low,54406.2431,High,FALSE
3751530,(2016 GF216),0.062235757,Low,20944.80359,Too Low,FALSE
3781006,(2017 QY16),0.682401509,Too High,95061.66363,Too High,FALSE
3830496,(2018 RP8),0.660754271,Too High,48952.76104,High,FALSE
54054459,(2020 RS9),0.098637028,Low,57716.21718,High,FALSE
2469929,469929 (2006 AK8),0.375007522,High,55369.94346,High,FALSE
3313180,(2006 BC),0.839537266,Too High,91343.42086,Too High,FALSE
3506746,(2010 CA),0.082042707,Low,100967.3726,Too High,FALSE
3837827,(2019 AO10),0.430566244,High,107904.8998,Too High,FALSE
3989673,(2020 CN1),0.171411509,Low,34791.01951,Low,FALSE
54130498,(2021 EY1),0.027418266,Too Low,42854.86832,Low,FALSE
54245562,(2022 CW1),0.021980622,Too Low,96128.47068,Too High,FALSE
2267223,267223 (2001 DQ8),1.425738833,Too High,88276.66424,Too High,FALSE
2368184,368184 (2000 RN77),0.748238376,Too High,50526.55054,High,FALSE
3092286,(2001 BB40),0.07145621,Low,38796.45982,Low,FALSE
3072405,(2001 BO60),0.820427065,Too High,64966.80628,High,FALSE
3154493,(2003 JV14),0.297879063,High,53881.46447,High,FALSE
3748182,(2016 FJ3),0.188816516,High,46763.78824,Low,FALSE
54016640,(2020 HV2),0.899580388,Too High,95019.50658,Too High,FALSE
54101721,(2020 YK3),0.021980622,Too Low,35067.58008,Low,FALSE
3177193,(2004 EL20),0.027166893,Too Low,46519.53688,Low,FALSE
3797674,(2018 AB12),0.078350176,Low,74970.08335,Too High,FALSE
3825556,(2018 NS),0.215794305,High,68192.20956,Too High,FALSE
54153123,(2021 LH),0.067926616,Low,18532.70346,Too Low,FALSE
2509352,509352 (2007 AG),0.567596853,Too High,82669.7342,Too High,TRUE
3005969,(1994 WR12),0.1959025,High,45297.5336,Low,FALSE
3545238,(2010 QN1),0.494356193,Too High,76550.42364,Too High,FALSE
54269715,(2022 GE3),0.14522453,Low,51937.78343,High,FALSE
2152742,152742 (1998 XE12),0.895447192,Too High,119266.8351,Too High,FALSE
2313538,313538 (2002 YB12),1.241766613,Too High,105445.8046,Too High,FALSE
2385186,385186 (1994 AW1),1.745982871,Too High,45243.86087,Low,TRUE
3092287,(2001 BM61),0.375698948,High,46886.73005,Low,FALSE
3555411,(2011 BA),0.578149266,Too High,111633.2619,Too High,FALSE
3656923,(2014 BP8),0.020608196,Too Low,43245.86433,Low,FALSE
3553666,(2010 XX58),1.185877909,Too High,80306.32865,Too High,FALSE
3645193,(2013 OY3),0.065168838,Low,51543.0181,High,FALSE
3660059,(2014 BP43),0.029787906,Too Low,68755.50275,Too High,FALSE
3797858,(2018 BH3),0.049435619,Too Low,37160.49666,Low,FALSE
54088813,(2020 WM),0.059434687,Low,25958.42323,Too Low,FALSE
54235681,(2022 AM3),0.02884297,Too Low,72458.06609,Too High,FALSE
2217013,217013 (2001 AA50),1.081533507,Too High,75735.34876,Too High,FALSE
2325395,325395 (2009 CQ5),1.870854353,Too High,48594.9019,High,TRUE
2497135,497135 (2004 QD20),1.419188158,Too High,99305.79664,Too High,FALSE
2523804,523804 (2000 YF29),0.534613571,Too High,26416.38529,Too Low,TRUE
3584577,(2011 UY255),0.149293183,Low,19290.89105,Too Low,FALSE
3754434,(2016 NM15),0.018794898,Too Low,23935.89105,Too Low,FALSE
3797491,(2018 AD4),0.156329154,Low,30255.53998,Too Low,FALSE
3837641,(2019 AU3),0.136157002,Low,30603.90766,Too Low,FALSE
3989194,(2020 BP8),0.04721065,Too Low,76615.36601,Too High,FALSE
2530938,530938 (2011 XE),0.816657545,Too High,51150.76218,High,FALSE
3743122,(2016 CY137),0.029787906,Too Low,60691.72444,High,FALSE
54054332,(2020 RA7),0.023661375,Too Low,26345.60011,Too Low,FALSE
2348306,348306 (2005 AY28),0.291098508,High,83711.72741,Too High,TRUE
2427778,427778 (2005 BE),0.562393094,Too High,83795.74497,Too High,FALSE
2495323,495323 (2014 JG78),0.682401509,Too High,96423.86901,Too High,FALSE
3557791,(2011 BY59),0.187948982,High,49422.43114,High,FALSE
3656928,(2014 BH25),0.284472297,High,79895.56441,Too High,FALSE
3662252,(2014 DH6),0.041118757,Too Low,96103.0421,Too High,FALSE
3670630,(2014 JU15),0.065168838,Low,49288.6581,High,FALSE
3989652,(2020 CH1),0.04721065,Too Low,34188.80727,Low,FALSE
54106576,(2021 BN2),0.056759685,Low,39791.86791,Low,FALSE
2005131,5131 (1990 BG),6.339280645,Too High,101894.6304,Too High,FALSE
2228502,228502 (2001 TE2),0.527278398,Too High,39251.05787,Low,FALSE
2418198,418198 (2008 CN70),0.963917753,Too High,85158.12952,Too High,FALSE
3064315,(1998 XN17),0.163696721,Low,23238.11479,Too Low,FALSE
3092285,(2001 BE16),0.625230245,Too High,74772.12626,Too High,FALSE
3076609,(2001 DS8),0.179489885,High,22778.89861,Too Low,FALSE
3102758,(2002 AK14),0.297879063,High,34803.01997,Low,FALSE
3256321,(2004 TD10),0.225964377,High,62495.53796,High,FALSE
3724221,(2015 ME131),0.748238376,Too High,81401.74073,Too High,TRUE
54054410,(2020 RX8),0.71423311,Too High,81409.27113,Too High,TRUE
54254975,(2022 EL5),0.022492617,Too Low,9941.597612,Too Low,FALSE
3076813,(2001 BF10),0.179489885,High,32253.32234,Low,FALSE
3555888,(2011 BC40),0.517654482,Too High,95334.14659,Too High,FALSE
3825627,(2018 NT3),0.136157002,Low,36101.81175,Low,FALSE
54244183,(2022 BX6),0.039814382,Too Low,66448.24509,High,FALSE
2153267,153267 (2001 CB32),1.599705282,Too High,76004.55619,Too High,FALSE
2416151,416151 (2002 RQ25),0.44059542,High,81739.77923,Too High,FALSE
3092284,(2001 BX15),0.284472297,High,56298.87169,High,FALSE
3072969,(2001 BC16),0.098637028,Low,36795.4686,Low,FALSE
3070801,(2001 CQ36),0.187948982,High,17755.15799,Too Low,FALSE
3566360,(2011 KB),0.056759685,Low,51686.57683,High,FALSE
3704262,(2015 BP4),0.124176661,Low,29010.89844,Too Low,FALSE
3758926,(2016 RT1),0.247765013,High,72215.13369,Too High,TRUE
3795027,(2017 YO3),0.0136157,Too Low,56007.88235,High,FALSE
3799273,(2018 CB2),0.059434687,Low,44589.52085,Low,FALSE
54017077,(2020 KL),0.065168838,Low,13504.68309,Too Low,FALSE
2152941,152941 (2000 FM10),1.770271912,Too High,118940.5413,Too High,FALSE
3383904,(2007 RF2),0.430566244,High,64022.18854,High,TRUE
3557543,(2011 CD66),0.024776501,Too Low,50175.20932,High,FALSE
3626614,(2013 CV83),0.098637028,Low,33080.64538,Low,FALSE
3689268,(2014 SM1),0.045085821,Too Low,19536.44996,Too Low,FALSE
3840753,(2019 FY2),0.019680675,Too Low,39828.25404,Low,FALSE
54100190,(2020 XA5),0.083184034,Low,55889.88245,High,FALSE
54244187,(2022 CD),0.035648395,Too Low,55101.59469,High,FALSE
3256739,(2004 TK14),0.567596853,Too High,17896.05971,Too Low,FALSE
3457435,(2009 HS2),0.241012728,High,80962.55357,Too High,FALSE
3457846,(2009 HG21),0.059434687,Low,86729.70747,Too High,FALSE
3576469,(2011 QS2),0.430566244,High,83629.22202,Too High,FALSE
3599929,(2012 DT32),0.326617897,High,49766.11468,High,FALSE
3727341,(2015 RQ82),0.215794305,High,85709.75875,Too High,FALSE
3769886,(2017 DA36),0.056759685,Low,18999.3933,Too Low,FALSE
3790060,(2017 WP28),0.411187571,High,121247.4982,Too High,FALSE
3799713,(2018 DU),0.013002893,Too Low,54355.29456,High,FALSE
3837955,(2019 BA1),0.216790366,High,66869.02332,Too High,FALSE
54048828,(2020 NK1),0.959488953,Too High,107854.1591,Too High,TRUE
2585734,585734 (2019 BA1),0.215794305,High,66869.02343,Too High,FALSE
54215193,(2021 VB),0.040554587,Too Low,29161.60806,Too Low,FALSE
2141432,141432 (2002 CQ11),0.594346868,Too High,96280.17839,Too High,TRUE
3402249,(2008 CK70),0.062235757,Low,100535.1041,Too High,FALSE
3702706,(2014 YS),0.074823838,Low,58976.5516,High,FALSE
3740101,(2016 AB166),0.078350176,Low,116288.9995,Too High,FALSE
3752430,(2016 HD3),0.014929318,Too Low,81281.73528,Too High,FALSE
3568329,(2011 MW1),0.206081961,High,31955.81022,Low,FALSE
3596682,(2012 BL77),0.130028927,Low,51927.27229,High,FALSE
3662632,(2014 DD23),0.271668934,High,28651.90832,Too Low,FALSE
3683393,(2014 QN266),0.03266179,Too Low,7780.340113,Too Low,FALSE
3704769,(2015 BG92),0.056759685,Low,14765.52852,Too Low,FALSE
3709250,(2015 BY512),0.311917671,High,63761.51776,High,FALSE
3722211,(2015 MN66),0.567596853,Too High,89482.66473,Too High,FALSE
3767164,(2017 BO30),0.098637028,Low,69419.97729,Too High,FALSE
3769817,(2017 DU34),0.025944182,Too Low,85338.95008,Too High,FALSE
3989280,(2020 BQ12),0.074823838,Low,43227.96211,Low,FALSE
54187638,(2021 QR),0.267941497,High,86220.61115,Too High,FALSE
3070723,(2001 BY15),0.899580388,Too High,60690.3409,High,FALSE
3297629,(2005 VL1),0.030481756,Too Low,24061.47509,Too Low,FALSE
3599866,(2012 DK31),0.247765013,High,44375.28799,Low,TRUE
3742342,(2016 CL136),0.311917671,High,96984.71167,Too High,TRUE
3759664,(2016 SA),0.430566244,High,96631.44009,Too High,FALSE
3765021,(2016 XJ),0.019680675,Too Low,57190.59821,High,FALSE
3838858,(2019 DL1),0.02844723,Too Low,37369.90339,Low,FALSE
54054466,(2020 SG1),0.63101543,Too High,49291.86347,High,FALSE
2163693,163693 Atira (2003 CP20),3.17716653,Too High,77783.57768,Too High,FALSE
3076610,(2001 DT8),0.748238376,Too High,94426.2547,Too High,FALSE
3646648,(2013 QN10),0.215794305,High,51667.90542,High,FALSE
3798985,(2018 BT6),0.326617897,High,125015.7534,Too High,TRUE
3840690,(2019 FR),0.094197631,Low,76563.77258,Too High,FALSE
54203701,(2021 TQ3),0.022596438,Too Low,40253.63958,Low,FALSE
2162723,162723 (2000 VM2),1.745982871,Too High,74519.17858,Too High,FALSE
3532401,(2010 MS1),0.259441818,High,32506.28126,Low,FALSE
3709716,(2015 CM),0.03581294,Too Low,29295.66415,Too Low,FALSE
54239534,(2021 WC8),0.648694146,Too High,69297.76534,Too High,TRUE
3508124,(2010 CP19),0.039268108,Too Low,50914.90328,High,FALSE
3744322,(2016 CX247),0.179489885,High,43724.19321,Low,FALSE
3767609,(2017 BM92),0.103285648,Low,33692.53274,Low,FALSE
3768613,(2017 BN123),0.179489885,High,50622.15626,High,FALSE
3838020,(2019 BT2),0.472106499,Too High,45380.53178,Low,TRUE
54017580,(2020 MS1),0.130028927,Low,72558.49417,Too High,FALSE
54239779,(2022 BQ),0.03802244,Too Low,26567.77394,Too Low,FALSE
2022099,22099 (2000 EX106),1.506745763,Too High,35339.12318,Low,FALSE
2162483,162483 (2000 PJ5),2.041925905,Too High,132185.0033,Too High,FALSE
2380188,380188 (2000 WC67),1.132504611,Too High,19324.26009,Too Low,FALSE
3512347,(2010 FC6),0.534613571,Too High,57366.66091,High,FALSE
3780641,(2017 OR68),0.247765013,High,59817.49494,High,FALSE
3872638,(2019 SK8),0.03581294,Too Low,37680.78833,Low,FALSE
2455176,455176 (1999 VF22),0.424658654,High,133216.4743,Too High,TRUE
2471487,471487 (2011 VS5),0.714562102,Too High,41773.65657,Low,FALSE
3170245,(2003 YS70),0.008995804,Too Low,18568.58674,Too Low,FALSE
3630815,(2013 ES11),0.108153351,Low,29709.86383,Too Low,FALSE
3796292,(2017 YS8),0.682401509,Too High,58332.30232,High,TRUE
54247854,(2016 FL60),0.097732718,Low,66213.07183,High,FALSE
2474238,474238 (2001 RU17),0.297879063,High,40798.48699,Low,FALSE
2483432,483432 (2001 DF47),0.537081235,Too High,56442.64454,High,TRUE
3370168,(2007 EG),0.07145621,Low,81452.09191,Too High,FALSE
3557825,(2011 DO),0.163696721,Low,38021.69134,Low,FALSE
3644684,(2013 NJ),0.23661375,High,26540.68237,Too Low,FALSE
3645001,(2013 NT11),0.714562102,Too High,130955.1606,Too High,FALSE
3698842,(2014 WQ202),0.103285648,Low,88374.7303,Too High,FALSE
3989092,(2020 BK5),0.156329154,Low,43878.00932,Low,FALSE
2399308,399308 (1993 GD),0.446724713,High,54603.31582,High,FALSE
3076622,(2001 DG47),0.149293183,Low,39821.56831,Low,FALSE
3578917,(2011 SB25),0.396314515,High,36181.37885,Low,FALSE
3673976,(2014 MZ17),0.089958039,Low,27923.20731,Too Low,FALSE
3787090,(2017 UK1),0.022596438,Too Low,21768.94967,Too Low,FALSE
3797750,(2018 BP1),0.07145621,Low,87242.89621,Too High,FALSE
3989074,(2020 BJ4),0.248908644,High,94792.28355,Too High,TRUE
54054624,(2020 SN4),0.02844723,Too Low,20739.12307,Too Low,FALSE
2481025,481025 (2004 VA1),0.472106499,Too High,39833.73901,Low,FALSE
2481918,481918 (2009 BE77),1.342888574,Too High,91677.0321,Too High,FALSE
3092069,(2001 QJ142),0.108153351,Low,8687.981178,Too Low,FALSE
3297635,(2005 VA2),0.351592805,High,59355.285,High,FALSE
3557826,(2011 DP),0.196806745,High,59979.92178,High,FALSE
3710019,(2015 CO3),0.309057992,High,73799.60809,Too High,FALSE
3758255,(2016 QH44),0.196806745,High,87923.03114,Too High,FALSE
3838078,(2019 BE5),0.056759685,Low,107115.5007,Too High,FALSE
54017652,(2020 MK3),0.041118757,Too Low,32223.50719,Low,FALSE
3092289,(2001 CA21),1.044816395,Too High,112633.4934,Too High,TRUE
3368185,(2007 CB27),0.130028927,Low,55594.62273,High,FALSE
3532366,(2010 MJ1),0.113250461,Low,50085.03009,High,FALSE
3773657,(2017 FO128),0.187948982,High,42253.92875,Low,FALSE
3799300,(2018 CV2),0.04721065,Too Low,85669.2028,Too High,FALSE
3825435,(2018 MK5),0.284472297,High,69684.61264,Too High,FALSE
3986832,(2020 BT2),0.109657914,Low,62786.89591,High,FALSE
54128963,(2021 EB),0.070475794,Low,87448.50717,Too High,FALSE
54185582,(2021 PS16),0.139971617,Low,54304.63818,High,FALSE
3283950,(2005 NJ63),0.375007522,High,92652.83662,Too High,FALSE
3545552,(2010 RF12),0.012417666,Too Low,14882.71139,Too Low,FALSE
3574593,(2011 ON24),0.149293183,Low,27678.8135,Too Low,FALSE
3596685,(2012 BO77),0.215794305,High,53940.38133,High,FALSE
3626029,(2013 CW32),0.2280552,High,49475.92349,High,FALSE
3724393,(2015 OD22),0.358129403,High,85055.18593,Too High,FALSE
3734190,(2015 VP66),0.206081961,High,42192.08837,Low,FALSE
2019356,19356 (1997 GH3),2.642652014,Too High,29134.61031,Too Low,FALSE
2162781,162781 (2000 XL44),1.644523102,Too High,19608.78464,Too Low,FALSE
2164342,164342 (2005 CP),0.411187571,High,35998.18885,Low,FALSE
2503966,503966 (2004 RX109),1.425738833,Too High,112359.5715,Too High,FALSE
3069008,(2000 YG4),0.411187571,High,17082.50013,Too Low,FALSE
3743123,(2016 CA138),0.130629113,Low,71503.93494,Too High,FALSE
3792456,(2017 XF62),0.113250461,Low,54118.85885,High,FALSE
3991614,(2020 BC16),0.056759685,Low,22280.94978,Too Low,FALSE
54123272,(2021 DC1),0.033576852,Too Low,41796.48437,Low,FALSE
2467352,467352 (2003 KZ18),0.326617897,High,61595.96895,High,FALSE
2474223,474223 (2001 CC32),0.899580388,Too High,73215.50047,Too High,FALSE
2482796,482796 (2013 QJ10),0.748238376,Too High,54337.59747,High,TRUE
3057547,(2000 WO148),0.465628955,Too High,33386.86261,Low,FALSE
3325502,(2006 EC),0.02844723,Too Low,62687.97638,High,FALSE
3371143,(2007 EO88),0.031191767,Too Low,27171.57707,Too Low,FALSE
3604307,(2012 KC6),0.284472297,High,30347.93816,Too Low,TRUE
3648862,(2013 TQ5),0.651688382,Too High,41768.05589,Low,FALSE
3799638,(2018 CX13),0.820427065,Too High,88452.33098,Too High,FALSE
3838929,(2019 EW1),0.022596438,Too Low,29141.78867,Too Low,FALSE
54147685,(2021 KF2),0.154184238,Low,49100.52316,High,FALSE
2612202,612202 (2000 WO148),0.465628955,Too High,33386.8627,Low,FALSE
3561031,(2011 GF3),0.196806745,High,78370.15876,Too High,FALSE
3585467,(2011 UC292),0.157050737,Low,41875.43749,Low,FALSE
3712421,(2015 DW180),0.303417048,High,18311.58823,Too Low,FALSE
3831618,(2018 TR3),0.016369672,Too Low,19652.61899,Too Low,FALSE
2311554,311554 (2006 BQ147),1.066694311,Too High,85517.63779,Too High,FALSE
3262691,(2004 WH1),0.094197631,Low,25203.67458,Too Low,FALSE
3267564,(2005 CN61),0.051765448,Too Low,52684.44819,High,FALSE
3273523,(2005 EO30),0.149293183,Low,62373.86652,High,FALSE
3444370,(2009 BH2),0.187948982,High,48733.66245,High,FALSE
3750669,(2016 GC135),0.119135167,Low,39395.87227,Low,FALSE
3872623,(2019 SK7),0.156329154,Low,46748.12557,Low,FALSE
2380205,380205 (2001 CA32),0.820427065,Too High,42755.54747,Low,FALSE
3672731,(2014 KO62),0.034201093,Too Low,27975.90684,Too Low,FALSE
3683395,(2014 QP266),0.714562102,Too High,76492.15202,Too High,FALSE
3709711,(2015 BP515),0.363111479,High,39299.68929,Low,TRUE
3727233,(2015 RV36),0.142573883,Low,45915.58205,Low,FALSE
3744790,(2016 DL),0.311917671,High,74406.25464,Too High,TRUE
3781727,(2017 SJ12),0.171411509,Low,55895.15978,High,FALSE
3835878,(2018 VG),0.019680675,Too Low,57514.42889,High,FALSE
54106593,(2021 BZ2),0.103285648,Low,62049.60358,High,FALSE
2138947,138947 (2001 BA40),1.023387195,Too High,24679.96552,Too Low,FALSE
3026912,(2000 AG6),0.051765448,Too Low,16259.03032,Too Low,FALSE
3273787,(2005 ER70),0.068240151,Low,67086.70434,Too High,FALSE
3395989,(2007 WB5),0.895447192,Too High,70633.66154,Too High,FALSE
3746217,(2016 EE85),0.163696721,Low,31498.11757,Low,FALSE
3827311,(2018 RY1),0.076920125,Low,58991.34929,High,FALSE
54248453,(2022 DY1),0.015418424,Too Low,34560.07148,Low,FALSE
54257607,(2022 EZ6),0.118587791,Low,26896.22354,Too Low,FALSE
2613910,613910 (2007 WB5),0.895447192,Too High,70633.66007,Too High,FALSE
3070749,(2001 DZ76),0.051765448,Too Low,42101.42052,Low,FALSE
3177208,(2004 FK2),0.082042707,Low,63366.16974,High,FALSE
3766588,(2017 BS),0.074823838,Low,57369.76548,High,FALSE
2068372,68372 (2001 PM9),1.052058716,Too High,60334.83303,High,TRUE
2138359,138359 (2000 GX127),1.486072436,Too High,76061.36718,Too High,FALSE
2139047,139047 (2001 EB16),2.060819612,Too High,95444.14621,Too High,FALSE
2203217,203217 (2001 FX9),1.111834072,Too High,9582.669572,Too Low,FALSE
3005973,(1995 CR),0.259441818,High,83508.56702,Too High,TRUE
3483800,(2009 YF),0.068240151,Low,34073.41021,Low,FALSE
54265631,(2022 FQ1),0.050587123,Too Low,84108.56526,Too High,FALSE
2001620,1620 Geographos (1951 RA),5.082062231,Too High,30748.31162,Too Low,TRUE
2138971,138971 (2001 CB21),1.169607054,Too High,70082.75706,Too High,TRUE
3383667,(2007 RF1),0.03581294,Too Low,41118.54239,Low,FALSE
3626687,(2013 CW87),0.041118757,Too Low,12163.25171,Too Low,FALSE
3743903,(2016 CU246),0.029787906,Too Low,89113.67942,Too High,FALSE
3799805,(2018 EF1),0.08590926,Low,70947.03805,Too High,FALSE
54073338,(2020 TK7),0.007047579,Too Low,57859.00418,High,FALSE
54138707,(2021 HZ),0.050123337,Too Low,81821.82954,Too High,FALSE
2326354,326354 (2000 SJ344),0.171411509,Low,17802.43325,Too Low,FALSE
3132126,(2002 PB),0.472106499,Too High,74368.34445,Too High,FALSE
3661368,(2014 CY4),0.508206223,Too High,91297.37141,Too High,TRUE
3770141,(2017 DR37),0.247765013,High,54625.79755,High,FALSE
3830858,(2018 SJ1),0.059434687,Low,60581.81046,High,FALSE
3837917,(2019 AM13),0.23661375,High,182007.9843,Too High,FALSE
2023548,23548 (1994 EF2),2.270073813,Too High,42909.7474,Low,FALSE
2322756,322756 (2001 CK32),0.87104377,Too High,25831.08132,Too Low,FALSE
3069758,(2001 CP36),0.108153351,Low,32095.62618,Low,FALSE
3548085,(2010 TK19),0.062235757,Low,30736.34316,Too Low,FALSE
3595924,(2012 BT1),0.019680675,Too Low,74014.62239,Too High,FALSE
3627059,(2013 DF),0.07145621,Low,79016.67406,Too High,FALSE
3781644,(2017 SN10),0.043056624,Too Low,21505.58768,Too Low,FALSE
54105994,(2021 AX6),0.024890864,Too Low,56284.40141,High,FALSE
54110047,(2021 BS3),0.107656431,Low,61967.79825,High,FALSE
2469513,469513 (2003 QR79),0.392681082,High,70210.11507,Too High,FALSE
3273968,(2005 ER95),0.049435619,Too Low,38539.12267,Low,FALSE
3713273,(2015 EG7),0.019680675,Too Low,85694.25764,Too High,FALSE
3771642,(2017 FJ3),0.006223576,Too Low,20936.45669,Too Low,FALSE
3836051,(2018 VA2),0.022596438,Too Low,66076.50694,High,FALSE
54005659,(2020 DO3),0.018794898,Too Low,69843.49753,Too High,FALSE
54248044,(2022 DL),0.072117386,Low,38381.64463,Low,FALSE
2162421,162421 (2000 ET70),1.259041307,Too High,49788.5564,High,TRUE
2205388,205388 (2001 DV8),0.450858206,Too High,24279.75054,Too Low,FALSE
3703545,(2015 AJ44),0.206081961,High,107968.7958,Too High,FALSE
3769811,(2017 DP34),0.08590926,Low,50974.93561,High,FALSE
3797896,(2018 AO18),0.342010925,High,6364.286763,Too Low,FALSE
3838839,(2019 DQ),0.025944182,Too Low,84388.58755,Too High,FALSE
3986745,(2020 BF1),0.034201093,Too Low,9768.057859,Too Low,FALSE
54185134,(2021 PD10),0.242125192,High,69630.30541,Too High,FALSE
2136874,136874 (1998 FH74),4.036825521,Too High,127074.1313,Too High,FALSE
2276770,276770 (2004 HC),0.622357573,Too High,94844.31694,Too High,FALSE
3557784,(2011 BX59),0.07145621,Low,29475.7968,Too Low,FALSE
3558388,(2011 EH17),0.07145621,Low,55978.32658,High,FALSE
3627115,(2013 DL1),0.358129403,High,129960.8928,Too High,FALSE
3769881,(2017 DV35),0.021579431,Too Low,67747.77422,Too High,FALSE
3869331,(2019 SB6),0.025944182,Too Low,28531.32183,Too Low,FALSE
3892280,(2019 VV),0.0510552,Too Low,44824.65166,Low,FALSE
54104895,(2020 XK7),0.748238376,Too High,68773.78664,Too High,TRUE
54245582,(2022 CQ2),0.062523025,Low,81981.79887,Too High,FALSE
2023187,23187 (2000 PN9),3.732845188,Too High,109096.7166,Too High,TRUE
2325102,325102 (2008 EY5),0.567596853,Too High,89332.19042,Too High,FALSE
3248670,(2004 NK8),0.118587791,Low,34159.71434,Low,FALSE
3557844,(2011 DW),0.171411509,Low,52954.18695,High,FALSE
3692560,(2014 TU),0.056759685,Low,54016.4455,High,FALSE
3770278,(2017 DB109),0.472106499,Too High,65041.49042,High,FALSE
3827572,(2018 RL4),0.156329154,Low,67285.56689,Too High,FALSE
3840687,(2019 FQ),0.022596438,Too Low,33658.72131,Low,FALSE
54051343,(2020 QO4),0.231227764,High,51556.20645,High,FALSE
54132120,(2010 PC73),0.225964377,High,51556.20652,High,FALSE
2026379,26379 (1999 HZ1),1.492931834,Too High,46439.00436,Low,FALSE
2029075,29075 (1950 DA),2.079888141,Too High,53035.51046,High,TRUE
2364136,364136 (2006 CJ),0.552128263,Too High,62284.40634,High,TRUE
2426082,426082 (2012 DG31),0.575492912,Too High,35536.26584,Low,FALSE
3402365,(2008 CD71),0.698296683,Too High,118512.0393,Too High,FALSE
3827304,(2018 RR1),0.005943469,Too Low,11782.59306,Too Low,FALSE
3905989,(2019 XE1),0.682401509,Too High,63875.14904,High,TRUE
3991582,(2020 BB16),0.517654482,Too High,72997.9183,Too High,FALSE
54016782,(2020 HM7),0.041118757,Too Low,30339.61638,Too Low,FALSE
54131354,(2021 EU3),0.021579431,Too Low,71861.25565,Too High,FALSE
54139088,(2021 GM26),0.042661879,Too Low,14353.56203,Too Low,FALSE
54192219,(2021 RK2),0.113773201,Low,98278.31239,Too High,FALSE
2138127,138127 (2000 EE14),2.238927233,Too High,73247.25811,Too High,TRUE
2164202,164202 (2004 EW),0.411187571,High,65650.42177,High,TRUE
2385252,385252 (2001 EB18),0.783501764,Too High,89979.02422,Too High,TRUE
3070541,(2001 EC),1.106725658,Too High,80976.42314,Too High,TRUE
3378868,(2007 ML13),0.567596853,Too High,34747.49264,Low,FALSE
3404525,(2008 EJ),0.580817882,Too High,72420.02288,Too High,FALSE
3458970,(2009 HE60),0.045085821,Too Low,17710.07353,Too Low,FALSE
3672459,(2014 KG39),0.059434687,Low,57765.37079,High,FALSE
3745584,(2016 DX30),0.029787906,Too Low,84795.86648,Too High,FALSE
54017434,(2020 LC1),0.450858206,Too High,66737.07254,High,FALSE
54106739,(2021 AF8),0.537081235,Too High,69780.0642,Too High,TRUE
54143561,(2021 JV1),0.310484539,High,30359.60748,Too Low,FALSE
54217983,(2021 VT7),0.259441818,High,31635.8776,Low,FALSE
2613763,613763 (2007 ML13),0.529712204,Too High,34747.49198,Low,FALSE
2162361,162361 (2000 AF6),0.557237043,Too High,100502.0149,Too High,TRUE
3253644,(2004 SB1),0.494356193,Too High,51352.96852,High,FALSE
3368404,(2007 DD),0.039268108,Too Low,60184.02137,High,FALSE
3710219,(2015 CH13),0.011325046,Too Low,98368.81192,Too High,FALSE
3976542,(2020 AY1),0.054205079,Low,16944.47013,Too Low,FALSE
2022753,22753 (1998 WT),1.722027088,Too High,81986.53015,Too High,TRUE
2098943,98943 (2001 CC21),1.032856481,Too High,33940.26219,Low,FALSE
2162567,162567 (2000 RW37),0.602615057,Too High,38071.88994,Low,TRUE
3257201,(2004 UR),0.142573883,Low,78976.86131,Too High,FALSE
3989317,(2020 BF14),1.042413384,Too High,64555.76901,High,TRUE
54017563,(2020 MA1),0.049435619,Too Low,25408.89866,Too Low,FALSE
54220008,(2021 VH19),0.1959025,High,68444.68419,Too High,FALSE
54248971,(2022 EO1),0.177844312,High,38205.87894,Low,FALSE
2424965,424965 (2009 AM15),1.042413384,Too High,54928.10062,High,FALSE
3404530,(2008 EP),0.08590926,Low,52157.71372,High,FALSE
3556963,(2011 CA4),0.022596438,Too Low,61023.67494,High,FALSE
3766132,(2016 YP4),0.023661375,Too Low,26019.70785,Too Low,FALSE
3771014,(2017 EU2),0.051765448,Too Low,60234.44012,High,FALSE
2285838,285838 (2001 FA1),1.607089186,Too High,66440.08712,High,FALSE
2302010,302010 (2000 SH8),1.081533507,Too High,96235.55299,Too High,FALSE
3170238,(2003 YN1),0.062235757,Low,22482.22354,Too Low,FALSE
3177198,(2004 FD),0.156329154,Low,102151.1608,Too High,FALSE
3321667,(2006 CT10),0.342010925,High,48845.27268,High,TRUE
3607504,(2012 PZ17),0.027166893,Too Low,23308.01558,Too Low,FALSE
3663464,(2014 EU),0.017141151,Too Low,30883.10985,Too Low,FALSE
3736807,(2015 YA),0.019680675,Too Low,27349.40082,Too Low,FALSE
54244776,(2022 BJ8),0.701519874,Too High,39861.47667,Low,FALSE
2483656,483656 (2005 ES70),0.105205872,Low,42864.92399,Low,FALSE
2497117,497117 (2004 FU4),1.336718562,Too High,55538.06719,High,TRUE
2514571,514571 (1996 RY3),0.494356193,Too High,66315.03706,High,FALSE
3137845,(2002 TA67),0.163696721,Low,106480.8617,Too High,FALSE
3351832,(2006 UB17),0.03266179,Too Low,17919.97261,Too Low,FALSE
3730802,(2015 TT238),0.07145621,Low,37708.25854,Low,FALSE
3756788,(2016 PN),0.517654482,Too High,66866.9529,Too High,FALSE
3767152,(2017 BF30),0.08590926,Low,14953.77196,Too Low,FALSE
3773755,(2017 GO4),0.059434687,Low,18884.62655,Too Low,FALSE
3799830,(2018 ES1),0.025944182,Too Low,51790.935,High,FALSE
2020429,20429 (1998 YN1),1.675097069,Too High,33945.14071,Low,FALSE
2494880,494880 (2008 SQ7),0.642746882,Too High,67939.38692,Too High,FALSE
3092225,(1999 LJ1),0.215794305,High,11396.22112,Too Low,FALSE
3566530,(2011 KF9),0.392681082,High,65340.65956,High,FALSE
3673977,(2014 MA18),0.04721065,Too Low,39459.83291,Low,FALSE
3739701,(2016 AO131),0.081290534,Low,19451.06713,Too Low,FALSE
3799269,(2018 CX1),0.552128263,Too High,75745.60604,Too High,FALSE
3951324,(2019 YD3),0.039268108,Too Low,40883.78284,Low,FALSE
54075550,(2020 UF2),0.259441818,High,59719.45245,High,TRUE
54192748,(2021 RS2),0.005058712,Too Low,44523.74962,Low,FALSE
3468430,(2009 SZ99),0.748238376,Too High,56748.43511,High,FALSE
3745111,(2016 EJ27),0.051765448,Too Low,30310.65302,Too Low,FALSE
3758927,(2016 RN1),0.366471308,High,66337.8274,High,TRUE
3780786,(2017 QY2),0.311917671,High,59467.94743,High,FALSE
3836853,(2018 XR2),0.018794898,Too Low,22890.78632,Too Low,FALSE
3843340,(2019 OM),0.179489885,High,39810.80566,Low,FALSE
54016236,(2020 FS1),0.358129403,High,72345.02255,Too High,FALSE
54075584,(2020 TW8),0.020608196,Too Low,27359.55061,Too Low,FALSE
54095181,(2020 WZ4),0.079806815,Low,35417.95061,Low,FALSE
54110070,(2021 CH1),0.07145621,Low,84736.84082,Too High,FALSE
2333755,333755 (2010 VC1),0.805452583,Too High,92711.44683,Too High,FALSE
2485823,485823 (2012 DF61),0.448786701,High,37232.21135,Low,FALSE
2515639,515639 (2014 MK27),0.297879063,High,56852.00954,High,FALSE
3389195,(2007 UW1),0.171411509,Low,23434.21271,Too Low,FALSE
3600563,(2012 EO3),0.149293183,Low,57996.92367,High,FALSE
3728903,(2015 TK),0.247765013,High,22829.43824,Too Low,FALSE
3799802,(2018 EC1),0.034201093,Too Low,50065.5871,High,FALSE
3841900,(2019 JD7),0.248908644,High,29512.0382,Too Low,FALSE
54194350,(2021 RZ5),0.043255365,Too Low,24771.50368,Too Low,FALSE
2497232,497232 (2005 EF),0.434550225,High,34832.18779,Low,FALSE
3368294,(2007 DA),0.196806745,High,47124.66279,Low,FALSE
3404526,(2008 EL),0.215794305,High,37564.82603,Low,FALSE
3601677,(2012 FX35),0.040741778,Too Low,41913.40709,Low,FALSE
3647013,(2013 QP48),0.016369672,Too Low,34884.79797,Low,FALSE
3745032,(2016 EH1),0.179489885,High,73608.06264,Too High,FALSE
3761271,(2016 US4),0.078350176,Low,72779.96506,Too High,FALSE
3838791,(2017 CH36),0.284472297,High,16771.77745,Too Low,FALSE
54016922,(2020 HW9),0.899580388,Too High,86766.62833,Too High,FALSE
54073370,(2020 UX),0.003515928,Too Low,42076.72716,Low,FALSE
54235541,(2022 AK2),0.034201093,Too Low,62343.38784,High,FALSE
3404126,(2008 DX),0.108153351,Low,25338.94997,Too Low,FALSE
3715435,(2015 FA341),0.082042707,Low,43818.00902,Low,FALSE
3843512,(2019 PO1),0.016369672,Too Low,17827.89328,Too Low,FALSE
3843822,(2019 RC2),0.187948982,High,65340.76545,High,FALSE
54049824,(2020 OM5),0.809170384,Too High,72148.04204,Too High,FALSE
54178150,(2021 OH2),0.057814927,Low,15529.2164,Too Low,FALSE
54217965,(2021 VP6),0.289761031,High,67169.29545,Too High,FALSE
3774006,(2017 HX),0.08590926,Low,58792.78672,High,FALSE
54006021,(2020 DP4),0.054205079,Low,57694.24813,High,FALSE
54205438,(2021 TQ6),0.049435619,Too Low,22513.16946,Too Low,FALSE
54207058,(2021 TJ10),0.009506923,Too Low,51804.87555,High,FALSE
54218588,(2021 VZ8),0.013868835,Too Low,21969.03975,Too Low,FALSE
54016226,(2020 FK1),0.019680675,Too Low,20164.96389,Too Low,FALSE
3515381,(2010 GM23),0.064571367,Low,96964.80818,Too High,FALSE
3840701,(2019 FZ),0.311917671,High,121717.2659,Too High,TRUE
54016333,(2020 FT3),0.142573883,Low,14593.42739,Too Low,FALSE
3072196,(2001 ED18),0.074823838,Low,22613.55278,Too Low,FALSE
3263234,(2004 XK),0.037500752,Too Low,68548.15854,Too High,FALSE
3648875,(2013 TF6),0.276719637,High,63701.85618,High,FALSE
3663954,(2014 EH45),0.163696721,Low,39139.46922,Low,FALSE
3669250,(2014 HD124),0.682401509,Too High,33221.75717,Low,FALSE
3781708,(2017 RO17),0.03581294,Too Low,58533.71131,High,FALSE
3802033,(2018 FZ2),0.082042707,Low,88324.67291,Too High,FALSE
2380818,380818 (2005 YV128),0.436556017,High,91607.02959,Too High,FALSE
3588013,(2011 WL2),0.430566244,High,28100.82669,Too Low,TRUE
3602525,(2012 GA5),0.08590926,Low,16689.48456,Too Low,FALSE
3709252,(2015 BE513),0.23661375,High,36021.16448,Low,FALSE
3802002,(2018 FU1),0.025944182,Too Low,47744.20832,Low,FALSE
3838913,(2019 EM1),0.206081961,High,82087.8568,Too High,FALSE
54016321,(2020 FJ3),0.098637028,Low,74716.0841,Too High,FALSE
2549948,549948 (2011 WL2),0.430566244,High,28100.82684,Too Low,TRUE
54262978,(2022 FN),0.02618424,Too Low,56112.4738,High,FALSE
2018736,18736 (1998 NU),3.855138443,Too High,12964.98488,Too Low,FALSE
2304293,304293 (2006 SQ78),1.056914799,Too High,98361.31093,Too High,FALSE
2340666,340666 (2006 RO36),1.629446024,Too High,35442.82463,Low,FALSE
2524471,524471 (2002 JW15),0.494356193,Too High,71262.86765,Too High,FALSE
3430307,(2008 TA4),0.056759685,Low,57908.03306,High,FALSE
3560058,(2011 FT2),0.103285648,Low,60898.00716,High,FALSE
3666783,(2014 FO47),0.520043867,Too High,43892.44532,Low,TRUE
3781897,(2017 SL16),0.038908096,Too Low,21873.42238,Too Low,FALSE
3841622,(2019 HP3),0.043056624,Too Low,58091.62848,High,FALSE
2088254,88254 (2001 FM129),1.706239449,Too High,86952.89205,Too High,TRUE
2528807,528807 (2009 BL71),0.225964377,High,81472.3476,Too High,FALSE
3358223,(2006 VY2),0.171411509,Low,61344.90074,High,FALSE
3370167,(2007 EF),0.311917671,High,95312.97854,Too High,TRUE
3449591,(2009 EP2),0.284472297,High,72180.28277,Too High,TRUE
3512283,(2010 FS),0.08590926,Low,68500.94554,Too High,FALSE
3713285,(2015 FB),0.034201093,Too Low,33939.08757,Low,FALSE
3732114,(2015 UG51),0.041118757,Too Low,77326.403,Too High,FALSE
3789079,(2017 UR51),0.187948982,High,50228.37124,High,FALSE
54139319,(2021 HP2),0.019410646,Too Low,28600.83577,Too Low,FALSE
2613726,613726 (2007 EF),0.320656449,High,95312.97896,Too High,TRUE
2225312,225312 (1996 XB27),0.271668934,High,8071.791743,Too Low,FALSE
2510529,510529 (2012 EY11),0.271668934,High,22955.62309,Too Low,TRUE
3071767,(2001 FC58),0.494356193,Too High,26777.91726,Too Low,TRUE
3117468,(2002 FT6),0.179489885,High,62427.75792,High,FALSE
3704156,(2015 BG4),0.031191767,Too Low,9571.784246,Too Low,FALSE
3733933,(2015 VH65),0.017141151,Too Low,43167.13005,Low,FALSE
2612343,612343 (2002 FT6),0.174598287,High,62427.75764,High,FALSE
2139211,139211 (2001 GN2),1.548959201,Too High,56612.62949,High,TRUE
3117460,(2002 FT5),0.2884297,High,61712.23271,High,FALSE
3134264,(2002 RR25),0.359782453,High,48197.27042,Low,FALSE
3710558,(2015 CA40),0.07145621,Low,55720.00715,High,FALSE
3750672,(2016 GE135),0.147924455,Low,70818.69503,Too High,FALSE
3759349,(2016 RQ33),0.805452583,Too High,83507.97034,Too High,FALSE
3763102,(2016 UB107),0.054205079,Low,21427.96989,Too Low,FALSE
54217195,(2021 VR4),0.03006353,Too Low,73154.09081,Too High,FALSE
2612443,612443 (2002 RR25),0.359782453,High,48197.27022,Low,FALSE
2162825,162825 (2001 BO61),1.465682758,Too High,67092.90798,Too High,TRUE
2163697,163697 (2003 EF54),0.594346868,Too High,78013.57923,Too High,TRUE
3071762,(2001 EC16),0.206081961,High,36320.14724,Low,FALSE
3072273,(2001 FR85),0.065168838,Low,10272.69047,Too Low,FALSE
3400310,(2008 BX2),0.113250461,Low,75442.51643,Too High,FALSE
3617076,(2012 VC26),0.010815335,Too Low,26616.2273,Too Low,FALSE
3690391,(2014 ST223),0.017948989,Too Low,43437.76235,Low,FALSE
3729281,(2015 TC25),0.008054526,Too Low,9994.377892,Too Low,FALSE
3763337,(2016 VX1),0.059434687,Low,65077.42344,High,FALSE
3773762,(2017 GU4),0.156329154,Low,50184.915,High,FALSE
3802067,(2018 FB4),0.018794898,Too Low,38713.53171,Low,FALSE
3802401,(2018 GQ),0.124176661,Low,38559.57922,Low,FALSE
54016806,(2020 HT7),0.024776501,Too Low,39422.06737,Low,FALSE
54073371,(2020 UY),0.009419763,Too Low,19380.99105,Too Low,FALSE
54250323,(2022 CL12),0.147244804,Low,8987.382062,Too Low,FALSE
2417655,417655 (2006 YF13),0.616651765,Too High,46109.35695,Low,FALSE
2529951,529951 (2010 UD),0.375007522,High,95436.26209,Too High,TRUE
3345307,(2006 SK134),1.081533507,Too High,100517.0275,Too High,FALSE
3513745,(2010 FL48),0.215794305,High,61546.57938,High,FALSE
3549696,(2010 UP),0.068240151,Low,47479.08554,Low,FALSE
3714553,(2015 FT118),0.450858206,Too High,41974.31528,Low,TRUE
54265887,(2022 FY2),0.077631858,Low,50692.94812,High,FALSE
2613512,613512 (2006 SK134),1.076564312,Too High,100517.0277,Too High,FALSE
2162873,162873 (2001 FB7),0.941976306,Too High,37345.3592,Low,FALSE
3092293,(2001 FP32),0.124749835,Low,63570.69718,High,FALSE
3137738,(2002 TA60),0.430566244,High,79301.78185,Too High,FALSE
3426410,(2008 QV11),0.320656449,High,45840.672,Low,FALSE
3727349,(2015 RA83),0.494356193,Too High,52216.48051,High,FALSE
3752569,(2016 HF19),0.029787906,Too Low,36299.91059,Low,FALSE
3762166,(2016 UE57),0.031191767,Too Low,74272.27037,Too High,FALSE
3831218,(2018 TD2),0.029787906,Too Low,71837.65488,Too High,FALSE
3842879,(2019 LD5),0.124176661,Low,34304.29456,Low,FALSE
3843361,(2019 OK1),0.08590926,Low,16321.76206,Too Low,FALSE
3893865,(2019 XS),0.100009206,Low,22123.67505,Too Low,FALSE
3989096,(2020 BO5),0.378477424,High,9443.285981,Too Low,FALSE
54131326,(2021 EJ3),0.016984,Too Low,42782.04794,Low,FALSE
2350751,350751 (2002 AW),0.407417781,High,44807.89966,Low,TRUE
2401885,401885 (2001 RV17),0.476474847,Too High,51260.45141,High,FALSE
2474231,474231 (2001 HZ7),0.594346868,Too High,47454.77095,Low,TRUE
3092292,(2001 FE7),0.124176661,Low,22238.57644,Too Low,FALSE
3428343,(2008 SX148),0.108153351,Low,33477.02684,Low,FALSE
3762123,(2016 UW41),0.392681082,High,35941.48494,Low,FALSE
3773753,(2017 GL4),0.039268108,Too Low,52896.53291,High,FALSE
3893643,(2019 WL4),0.284472297,High,51669.12657,High,TRUE
54134095,(2021 GC),0.073120639,Low,31126.82494,Too Low,FALSE
54200305,(2021 SU1),0.02884297,Too Low,40072.61841,Low,FALSE
2523816,523816 (2009 ST103),1.425738833,Too High,96505.86312,Too High,TRUE
3076637,(2001 DC77),0.748238376,Too High,20109.6432,Too Low,FALSE
3072291,(2001 FO127),0.018794898,Too Low,16782.86643,Too Low,FALSE
3152307,(2003 GD),0.225964377,High,63889.92552,High,FALSE
3666677,(2014 FR37),0.156329154,Low,75950.86504,Too High,FALSE
3713995,(2015 FJ35),0.089958039,Low,43805.90475,Low,FALSE
54016613,(2020 HY1),0.082042707,Low,58078.17238,High,FALSE
54136199,(2021 GL6),0.041118757,Too Low,30500.98453,Too Low,FALSE
2085585,85585 Mjolnir (1998 FG2),0.284472297,High,16081.76458,Too Low,TRUE
2141531,141531 (2002 GB),0.912094798,Too High,85517.43691,Too High,FALSE
2424482,424482 (2008 DG5),0.688715693,Too High,23634.21463,Too Low,TRUE
3092294,(2001 FB58),0.284472297,High,23360.84966,Too Low,FALSE
3306408,(2005 XY4),0.118587791,Low,45994.35393,Low,FALSE
3358522,(2006 VG13),0.311917671,High,50949.8319,High,TRUE
3373174,(2007 GF),0.358129403,High,64591.99685,High,FALSE
3407681,(2008 FX6),0.059434687,Low,69480.66733,Too High,FALSE
3728932,(2015 TJ1),0.179489885,High,50919.93988,High,FALSE
3736413,(2015 XY169),0.054205079,Low,20573.90163,Too Low,FALSE
3752903,(2016 JH12),0.206081961,High,65218.425,High,FALSE
3771799,(2017 FR63),0.03581294,Too Low,48920.50504,High,FALSE
3836881,(2018 XU3),0.049435619,Too Low,63555.84087,High,FALSE
54253543,(2022 EH4),0.061381851,Low,69185.52002,Too High,FALSE
2025143,25143 Itokawa (1998 SF36),0.941976306,Too High,24785.39938,Too Low,TRUE
3262569,(2004 WC1),0.03581294,Too Low,30103.5835,Too Low,FALSE
3788015,(2017 UX4),0.196806745,High,106473.323,Too High,FALSE
3802390,(2018 GE),0.018794898,Too Low,34718.10259,Low,FALSE
3949009,(2019 YA3),0.034201093,Too Low,72251.02756,Too High,FALSE
54110691,(2021 CP2),0.149293183,Low,69649.99985,Too High,FALSE
54146683,(2021 KA1),0.036144313,Too Low,29164.5502,Too Low,FALSE
54264228,(2022 FT),0.054455278,Low,81432.12983,Too High,FALSE
2231937,231937 (2001 FO32),1.811506842,Too High,107234.7921,Too High,TRUE
3601669,(2012 FP35),0.015632915,Too Low,48051.66419,Low,FALSE
3710715,(2015 DU),0.02844723,Too Low,50679.53612,High,FALSE
3715703,(2015 GZ12),0.206081961,High,73662.21518,Too High,FALSE
54265877,(2022 FM2),0.032362345,Too Low,22277.51055,Too Low,FALSE
2496901,496901 (2001 HB),0.494356193,Too High,85173.28916,Too High,TRUE
3071766,(2001 FA58),0.311917671,High,66516.92895,High,TRUE
3548525,(2010 TB54),0.025944182,Too Low,63244.7885,High,FALSE
3634786,(2013 GX79),0.411187571,High,50525.74764,High,FALSE
3662586,(2014 DV22),0.450858206,Too High,22240.06518,Too Low,FALSE
3715097,(2015 FA285),0.031191767,Too Low,54518.57277,High,FALSE
3773929,(2017 GL7),0.168282897,Low,79899.36189,Too High,FALSE
3778076,(2017 OM1),0.124176661,Low,100956.9591,Too High,FALSE
3789679,(2017 WC15),0.783501764,Too High,116314.6652,Too High,TRUE
3892678,(2019 VT2),0.082042707,Low,25198.24654,Too Low,FALSE
54146233,(2021 JN10),0.054959146,Low,81153.18898,Too High,FALSE
54224167,(2021 WO1),0.194106455,High,47630.30716,Low,FALSE
3078275,(2001 FZ),0.375007522,High,37236.8642,Low,FALSE
3076747,(2001 FR128),0.622357573,Too High,91497.86128,Too High,FALSE
3373980,(2007 HA),0.517654482,Too High,59517.11624,High,TRUE
3402247,(2008 CH70),0.078350176,Low,52079.11898,High,FALSE
3544981,(2010 PU66),0.206081961,High,45182.90788,Low,FALSE
3679436,(2014 OU344),0.163696721,Low,67687.1025,Too High,FALSE
3789392,(2017 VV13),0.098637028,Low,23131.90684,Too Low,FALSE
3387092,(2007 SG11),0.179489885,High,45719.38694,Low,FALSE
3602740,(2012 HO2),0.494356193,Too High,51415.57969,High,FALSE
3713268,(2015 EB7),0.297879063,High,57158.2358,High,FALSE
3713941,(2015 EO61),0.310484539,High,74632.8511,Too High,TRUE
3752703,(2016 JE),0.257063241,High,93961.84165,Too High,FALSE
3786456,(2017 UJ),0.045085821,Too Low,88340.61209,Too High,FALSE
54202332,(2021 TD1),0.037328452,Too Low,52344.8171,High,FALSE
2004034,4034 Vishnu (1986 PA),1.236061213,Too High,44957.98531,Low,TRUE
2159518,159518 (2001 FF7),1.563291544,Too High,97143.10006,Too High,FALSE
2162913,162913 (2001 MT18),1.276556316,Too High,59591.50147,High,FALSE
3092300,(2001 KO41),0.430566244,High,15826.10833,Too Low,FALSE
3297378,(2005 UT64),0.542050786,Too High,63852.1311,High,TRUE
3443809,(2008 YZ32),0.567596853,Too High,108806.9596,Too High,FALSE
3515066,(2010 GT7),0.542050786,Too High,61447.57966,High,FALSE
3552574,(2010 WF3),0.375007522,High,32754.94436,Low,FALSE
3749071,(2016 GY2),0.03581294,Too Low,31677.88059,Low,FALSE
3772842,(2017 FO91),0.056759685,Low,35601.36696,Low,FALSE
54151575,(2021 LA),0.101400473,Low,30606.00961,Too Low,FALSE
54190303,(2021 QV1),0.028316527,Too Low,70453.18461,Too High,FALSE
54216339,(2021 VN3),0.004529393,Too Low,70181.06399,Too High,FALSE
54246952,(2022 CX6),0.05129086,Too Low,7108.925757,Too Low,FALSE
2614316,614316 (2008 YZ32),0.529712204,Too High,108807.0002,Too High,FALSE
2527977,527977 (2008 EY68),0.206081961,High,65640.21867,High,FALSE
3384028,(2007 RX8),0.074823838,Low,37255.00921,Low,FALSE
3384070,(2007 RU10),0.899580388,Too High,107766.9389,Too High,FALSE
3747358,(2016 EN158),0.295148091,High,73007.5972,Too High,FALSE
3780776,(2017 QP2),0.051765448,Too Low,66897.94336,Too High,FALSE
54013568,(2020 EO),0.039268108,Too Low,33942.42296,Low,FALSE
3074753,(2001 GT2),0.651688382,Too High,45702.41839,Low,TRUE
3720888,(2015 KR157),0.284472297,High,103266.0332,Too High,FALSE
3766462,(2017 AZ13),0.259441818,High,55028.36985,High,FALSE
3841204,(2019 GR20),0.02844723,Too Low,68117.70229,Too High,FALSE
3879713,(2019 UA6),0.392681082,High,12662.56751,Too Low,FALSE
3092296,(2001 GO2),0.082042707,Low,20080.93329,Too Low,FALSE
3550888,(2010 VL65),0.008512164,Too Low,20518.02649,Too Low,FALSE
3601925,(2012 FP52),0.07145621,Low,51671.33905,High,FALSE
3602784,(2012 HH8),0.411187571,High,99722.29584,Too High,FALSE
3667130,(2014 GJ35),0.517654482,Too High,105234.5564,Too High,FALSE
3802576,(2018 GZ3),0.326617897,High,44128.37529,Low,FALSE
3843896,(2019 SV),0.094197631,Low,41848.87529,Low,FALSE
54121907,(2021 CZ8),0.197715164,High,37529.13956,Low,FALSE
54132070,(2021 FN),0.134908707,Low,64866.79838,High,FALSE
54249331,(2022 DD5),0.267941497,High,24030.97426,Too Low,FALSE
2523589,523589 (2001 HA4),1.714115092,Too High,120673.7397,Too High,TRUE
3092295,(2001 FC90),0.311917671,High,26859.44787,Too Low,FALSE
3078253,(2001 GS2),0.472106499,Too High,37667.09125,Low,FALSE
3449135,(2009 EM1),0.156329154,Low,57421.24243,High,FALSE
3748455,(2016 FA13),0.179489885,High,35855.86018,Low,FALSE
3752105,(2016 HK),0.065168838,Low,23329.05427,Too Low,FALSE
3771010,(2017 EW2),0.126485278,Low,33693.05559,Low,FALSE
3856732,(2019 SB5),0.0136157,Too Low,64405.29178,High,FALSE
3883096,(2019 UU7),0.037500752,Too Low,50080.15249,High,FALSE
3893486,(2019 WN2),0.017948989,Too Low,23843.23149,Too Low,FALSE
2216523,216523 (2001 HY7),0.450858206,Too High,31835.34968,Low,TRUE
2277810,277810 (2006 FV35),0.266710417,High,33392.78781,Low,FALSE
3602702,(2012 HA2),0.325117225,High,70863.58103,Too High,FALSE
3762462,(2016 TH94),0.07145621,Low,81280.64665,Too High,FALSE
54138304,(2021 HD),0.033116161,Too Low,66287.71157,High,FALSE
54269585,(2022 GQ2),0.040741778,Too Low,78132.32599,Too High,FALSE
2138175,138175 (2000 EE104),0.498930414,Too High,26750.05419,Too Low,TRUE
3656933,(2014 BM25),0.014257388,Too Low,30929.14103,Too Low,FALSE
3735611,(2015 XB),0.089958039,Low,34894.54213,Low,FALSE
3774007,(2017 HZ),0.023661375,Too Low,23133.6598,Too Low,FALSE
54216190,(2021 TO57),0.368162863,High,73896.67373,Too High,FALSE
54265883,(2022 FS2),0.013305769,Too Low,54740.49475,High,FALSE
2025330,25330 (1999 KV4),2.618424035,Too High,61572.92824,High,FALSE
2054690,54690 (2001 EB),1.862258558,Too High,62721.15468,High,FALSE
2413989,413989 (2007 EL88),0.883161196,Too High,58858.77551,High,TRUE
2523632,523632 (2009 UX17),0.297879063,High,20523.13467,Too Low,FALSE
3144515,(2002 XQ40),0.197715164,High,29739.68795,Too Low,FALSE
3547175,(2010 SX11),0.065168838,Low,19905.56667,Too Low,FALSE
3719472,(2015 KG19),0.130028927,Low,26909.54916,Too Low,FALSE
3746620,(2016 ED156),0.124176661,Low,36554.05892,Low,FALSE
3840758,(2019 GA),0.113250461,Low,106894.1268,Too High,FALSE
54055119,(2020 TQ3),0.029787906,Too Low,32104.73841,Low,FALSE
2162679,162679 (2000 TK1),1.563291544,Too High,104620.1795,Too High,FALSE
3372216,(2007 FS3),0.03581294,Too Low,64841.55871,High,FALSE
3840852,(2019 GW3),0.062235757,Low,54078.66877,High,FALSE
54178155,(2021 PB2),1.042413384,Too High,55752.44985,High,FALSE
54230028,(2021 XZ5),0.013062911,Too Low,34481.31365,Low,FALSE
3610029,(2012 TF53),0.342010925,High,68608.80978,Too High,TRUE
3613389,(2012 UU68),0.141266758,Low,26868.26646,Too Low,FALSE
3655761,(2014 AE29),0.019680675,Too Low,21021.36888,Too Low,FALSE
3732115,(2015 UH51),0.776318577,Too High,107619.0158,Too High,FALSE
3801945,(2018 FD),0.078350176,Low,43890.01076,Low,FALSE
3825562,(2018 NV),0.163696721,Low,47549.01757,Low,FALSE
3841771,(2019 JJ3),0.018794898,Too Low,70086.93769,Too High,FALSE
54051374,(2020 QZ4),0.04721065,Too Low,27215.84106,Too Low,FALSE
54100615,(2020 YC),0.039814382,Too Low,34649.00555,Low,FALSE
54260713,(2022 FC),0.034997738,Too Low,58219.6891,High,FALSE
54265878,(2022 FL2),0.033887535,Too Low,66747.83664,High,FALSE
3076772,(2001 GL2),0.450858206,Too High,77795.5595,Too High,FALSE
3514891,(2010 GB6),0.225964377,High,79548.09986,Too High,FALSE
3654381,(2013 XX8),0.078350176,Low,19910.35882,Too Low,FALSE
3666412,(2014 FP),0.196806745,High,37862.92049,Low,FALSE
3819574,(2018 HG2),0.083567994,Low,43522.00648,Low,FALSE
54203023,(2021 SK5),0.025706324,Too Low,25678.22294,Too Low,FALSE
2005604,5604 (1992 FE),2.089488469,Too High,33581.02418,Low,TRUE
2434313,434313 (2004 GP),0.783501764,Too High,88970.23214,Too High,FALSE
3409646,(2008 HA2),0.076566709,Low,29386.76408,Too Low,FALSE
3634275,(2013 GF23),0.108153351,Low,89836.05047,Too High,FALSE
3648863,(2013 TS5),0.79806815,Too High,137878.6231,Too High,FALSE
3650848,(2013 TM127),0.02844723,Too Low,65131.00265,High,FALSE
3831726,(2018 TR4),0.059434687,Low,36156.16475,Low,FALSE
3831735,(2018 TF5),0.049435619,Too Low,48582.96302,High,FALSE
54099950,(2020 XY4),0.023661375,Too Low,56432.36849,High,FALSE
54212590,(2021 UJ1),0.032213653,Too Low,48940.33666,High,FALSE
54272760,(2022 GF4),0.042661879,Too Low,62137.93002,High,FALSE
2141526,141526 (2002 FA6),0.622357573,Too High,59216.93659,High,FALSE
2226198,226198 (2002 UN3),1.018685158,Too High,19973.14072,Too Low,FALSE
3092390,(2001 UP),0.043056624,Too Low,41698.77114,Low,FALSE
3557082,(2011 BF59),0.820427065,Too High,68551.78953,Too High,FALSE
3748495,(2016 FG14),0.034201093,Too Low,86352.50373,Too High,FALSE
3840689,(2019 FO),0.068240151,Low,35208.26228,Low,FALSE
54106533,(2021 BS1),1.158884032,Too High,60382.66673,High,FALSE
2189630,189630 (2001 LE6),1.621959399,Too High,54600.79914,High,FALSE
2396593,396593 (2001 HC),0.907904103,Too High,53789.84604,High,FALSE
3831739,(2018 TC5),0.034201093,Too Low,30436.79051,Too Low,FALSE
54055084,(2020 TK2),0.049435619,Too Low,26388.26292,Too Low,FALSE
54057206,(2020 TK4),0.03266179,Too Low,51009.25075,High,FALSE
54131323,(2021 EF3),0.008054526,Too Low,50976.81807,High,FALSE
54144105,(2021 JK2),0.066075427,Low,20640.64631,Too Low,FALSE
2162903,162903 (2001 JV2),1.032856481,Too High,86243.1422,Too High,FALSE
2373503,373503 (2001 CK42),0.594346868,Too High,22007.97806,Too Low,FALSE
3277400,(2005 HN3),0.342010925,High,64441.93723,High,FALSE
3552575,(2010 WG3),0.163696721,Low,40133.27434,Low,FALSE
3747307,(2016 EC157),0.118587791,Low,46092.64537,Low,FALSE
3752726,(2016 JS),0.259441818,High,36084.35421,Low,FALSE
3773837,(2017 GT5),0.326617897,High,40916.41947,Low,FALSE
3789222,(2017 VS12),0.149293183,Low,53383.94462,High,FALSE
3842900,(2019 LE6),0.284472297,High,34122.08054,Low,FALSE
54053937,(2020 RB4),0.006824015,Too Low,49665.7294,High,FALSE
2612970,612970 (2005 HN3),0.337318359,High,64441.93736,High,FALSE
3065518,(2000 UY33),0.206081961,High,59758.3324,High,FALSE
3580319,(2011 SG189),0.438571068,High,98335.74418,Too High,FALSE
3599541,(2012 DO8),0.196806745,High,25889.82123,Too Low,FALSE
3745502,(2016 EZ27),0.741378485,Too High,82941.22353,Too High,FALSE
3878565,(2019 TM1),0.08590926,Low,54116.19386,High,FALSE
3972420,(2020 AU),0.043056624,Too Low,15238.55448,Too Low,FALSE
54054466,(2020 SG1),0.63101543,Too High,50527.37956,High,FALSE
54209313,(2021 TA15),0.147924455,Low,16912.33229,Too Low,FALSE
3102784,(2002 BF25),0.177844312,High,24140.27269,Too Low,FALSE
3172332,(2004 BV18),0.039268108,Too Low,17973.89394,Too Low,FALSE
3292345,(2005 TB15),0.748238376,Too High,64515.1184,High,FALSE
3750663,(2016 GN134),0.005420508,Too Low,76833.18274,Too High,FALSE
3769878,(2017 DS35),0.430566244,High,41036.91518,Low,FALSE
3824084,(2018 JD2),0.986370281,Too High,193386.9752,Too High,TRUE
3836890,(2018 XE4),0.031191767,Too Low,55223.69508,High,FALSE
3836919,(2018 XF5),0.118587791,Low,15306.6698,Too Low,FALSE
54016965,(2020 JN),0.019680675,Too Low,113444.3449,Too High,FALSE
54105102,(2021 AE4),0.259441818,High,36292.37075,Low,TRUE
54135138,(2021 GV2),0.017379608,Too Low,45936.40291,Low,FALSE
54184708,(2021 PC9),0.342010925,High,69094.21201,Too High,TRUE
2481025,481025 (2004 VA1),0.472106499,Too High,56617.67082,High,FALSE
2498143,498143 (2007 TR65),0.986370281,Too High,123173.2354,Too High,FALSE
3275513,(2005 GL1),0.171411509,Low,19702.58803,Too Low,FALSE
2234341,234341 (2001 FZ57),0.972836774,Too High,57184.60876,High,FALSE
2518810,518810 (2010 CF19),0.271668934,High,29716.19368,Too Low,TRUE
3076773,(2001 GM2),0.622357573,Too High,57998.45314,High,FALSE
3549617,(2010 UC),0.019680675,Too Low,15295.60573,Too Low,FALSE
3604183,(2012 JX11),0.130028927,Low,47872.69964,Low,FALSE
3755347,(2016 NJ33),0.045085821,Too Low,16412.01077,Too Low,FALSE
3836214,(2018 VU8),0.015632915,Too Low,17382.75888,Too Low,FALSE
3092297,(2001 HX7),0.450858206,Too High,107930.6246,Too High,FALSE
3092298,(2001 HJ31),0.103285648,Low,47914.55097,Low,FALSE
3551325,(2010 VU98),0.065168838,Low,23297.32478,Too Low,FALSE
3719474,(2015 KF19),0.1995446,High,20926.08354,Too Low,FALSE
3745033,(2016 ED1),0.041118757,Too Low,73811.48559,Too High,FALSE
3773921,(2017 GV6),0.156329154,Low,50443.77335,High,FALSE
3840790,(2019 GL1),0.043056624,Too Low,3434.323809,Too Low,FALSE
54247992,(2022 CP7),0.438571068,High,74249.89026,Too High,FALSE
3074752,(2001 GR2),0.284472297,High,69482.3205,Too High,TRUE
3398132,(2007 YJ1),0.051765448,Too Low,23395.25049,Too Low,FALSE
3439560,(2008 WO2),0.006516884,Too Low,60152.37455,High,FALSE
3692749,(2014 TL17),0.156329154,Low,51571.47139,High,FALSE
54048900,(2020 OO1),0.031191767,Too Low,24322.50326,Too Low,FALSE
2403775,403775 (2011 HS4),0.394493615,High,52562.84095,High,TRUE
3127391,(2002 LY1),0.206081961,High,32829.29787,Low,FALSE
3404492,(2008 DW22),0.045085821,Too Low,44107.81941,Low,FALSE
3759768,(2016 SP3),0.015632915,Too Low,37450.48614,Low,FALSE
3802099,(2018 FE5),0.450858206,Too High,68736.45863,Too High,FALSE
3838929,(2019 EW1),0.022596438,Too Low,26993.01232,Too Low,FALSE
54016362,(2020 FX4),0.259441818,High,80119.61857,Too High,TRUE
2523661,523661 (2012 LF11),0.411187571,High,34687.81029,Low,FALSE
3092182,(1998 KD3),0.450858206,Too High,64414.48043,High,FALSE
3733265,(2015 VD2),0.07145621,Low,85402.30367,Too High,FALSE
3764806,(2016 WU7),0.054205079,Low,63105.08696,High,FALSE
3774097,(2017 HT3),0.206081961,High,75862.74008,Too High,FALSE
3840709,(2019 FG1),0.160708919,Low,28046.76625,Too Low,FALSE
2434326,434326 (2004 JG6),1.175005715,Too High,45797.79245,Low,TRUE
2447221,447221 (2005 UO5),0.432553648,High,48475.41082,High,FALSE
2469219,469219 Kamo`oalewa (2016 HO3),0.080917038,Low,15334.83049,Too Low,FALSE
2484795,484795 (2009 DE47),1.185877909,Too High,40935.49659,Low,FALSE
3125002,(2002 JD9),0.136157002,Low,102510.9486,Too High,FALSE
3404526,(2008 EL),0.215794305,High,40616.42235,Low,FALSE
3802120,(2018 FO5),0.472106499,Too High,63740.66063,High,TRUE
3843051,(2019 MG2),0.23661375,High,39104.4888,Low,FALSE
3873206,(2019 TN),0.23661375,High,35012.27129,Low,FALSE
3991580,(2020 CK2),0.008280184,Too Low,21796.61041,Too Low,FALSE
54053848,(2020 RT2),0.013490871,Too Low,33864.25557,Low,FALSE
54131345,(2021 EL3),0.010281109,Too Low,22757.14371,Too Low,FALSE
54222541,(2021 WG),0.01047225,Too Low,65842.39536,High,FALSE
2004450,4450 Pan (1987 SY),2.198062205,Too High,61167.73468,High,TRUE
2162911,162911 (2001 LL5),0.855145429,Too High,45768.03907,Low,FALSE
3071769,(2001 FB90),0.651688382,Too High,58925.92572,High,TRUE
3475467,(2009 VN1),0.08590926,Low,54512.9098,High,FALSE
3752803,(2016 JX11),0.059434687,Low,93219.52039,Too High,FALSE
3825482,(2018 MC7),0.034201093,Too Low,59162.98282,High,FALSE
3836004,(2018 VQ1),0.074823838,Low,20485.31627,Too Low,FALSE
3840801,(2019 GW1),0.03581294,Too Low,30541.3692,Too Low,FALSE
3893865,(2019 XS),0.100009206,Low,20141.58859,Too Low,FALSE
2164207,164207 (2004 GU9),0.337318359,High,25134.82666,Too Low,TRUE
2490354,490354 (2009 FF19),0.311917671,High,25613.51338,Too Low,TRUE
3164431,(2003 UT55),0.025944182,Too Low,35835.10796,Low,FALSE
3363908,(2006 YM),0.078350176,Low,28904.73566,Too Low,FALSE
3387793,(2007 TS19),0.450858206,Too High,49924.93637,High,TRUE
3638505,(2013 JX28),0.567596853,Too High,64229.80751,High,FALSE
3654336,(2013 XS3),0.498930414,Too High,72148.97948,Too High,FALSE
3738932,(2015 YQ1),0.014929318,Too Low,56698.55642,High,FALSE
3741442,(2016 CA29),0.010815335,Too Low,25102.55039,Too Low,FALSE
54248796,(2022 DT4),0.034517551,Too Low,83427.57522,Too High,FALSE
2106538,106538 (2000 WK63),3.31161605,Too High,78864.29799,Too High,FALSE
3471590,(2009 TK12),0.450858206,Too High,71776.30353,Too High,TRUE
3720440,(2015 KJ122),0.23661375,High,60092.00041,High,TRUE
3761646,(2016 TZ93),0.103285648,Low,34117.84618,Low,FALSE
3805266,(2018 HU),0.043056624,Too Low,87057.85003,Too High,FALSE
54105261,(2021 AV4),0.385513844,High,29644.93571,Too Low,FALSE
2138877,138877 (2000 XG47),2.978790628,Too High,60072.44969,High,FALSE
2230089,230089 (2000 WP148),0.855145429,Too High,44946.50668,Low,FALSE
2363116,363116 (2001 GQ2),0.557237043,Too High,68001.60313,Too High,TRUE
2461852,461852 (2006 GY2),1.032856481,Too High,88349.78901,Too High,TRUE
3458970,(2009 HE60),0.045085821,Too Low,17996.19745,Too Low,FALSE
3520761,(2010 JL41),0.450858206,Too High,117788.4016,Too High,FALSE
3704262,(2015 BP4),0.124176661,Low,36055.15819,Low,FALSE
3718389,(2015 HF170),0.109657914,Low,22568.20605,Too Low,FALSE
3777808,(2015 YE21),0.381979432,High,22389.1037,Too Low,FALSE
2340048,340048 (2005 VT5),0.903732663,Too High,39199.13733,Low,FALSE
2361538,361538 (2007 JZ20),1.127301225,Too High,78129.65307,Too High,FALSE
3753871,(2016 LT10),0.024776501,Too Low,68960.48649,Too High,FALSE
3774564,(2017 JS1),0.04721065,Too Low,50994.14477,High,FALSE
3831866,(2018 TJ6),0.118587791,Low,29411.35186,Too Low,FALSE
54160166,(2021 LQ6),0.358129403,High,56106.57474,High,FALSE
2382875,382875 (2004 KE1),0.284472297,High,17606.98798,Too Low,FALSE
3170208,(2003 YG136),0.051765448,Too Low,51130.91729,High,FALSE
3559600,(2011 EP40),0.358129403,High,54701.9262,High,FALSE
3562321,(2011 GL44),0.430566244,High,108226.6802,Too High,FALSE
3836245,(2018 VS9),0.073120639,Low,25397.76227,Too Low,FALSE
3841624,(2019 HO3),0.113250461,Low,50273.06577,High,FALSE
54016617,(2020 HE2),0.311917671,High,75409.24526,Too High,FALSE
54136202,(2021 GN6),0.024101273,Too Low,72380.31827,Too High,FALSE
3076550,(2000 WL63),0.651688382,Too High,38955.98793,Low,FALSE
3288933,(2005 QP11),0.031191767,Too Low,66208.88757,High,FALSE
3374389,(2007 HL4),0.089958039,Low,49013.34156,High,FALSE
3718762,(2015 HQ171),0.025944182,Too Low,32028.187,Low,FALSE
54017135,(2020 KZ1),0.358129403,High,68762.60743,Too High,FALSE
54132114,(2021 FH1),0.052244428,Too Low,35593.54111,Low,FALSE
2612199,612199 (2000 WL63),0.588897864,Too High,38955.98896,Low,FALSE
2171839,171839 (2001 JM1),0.916304836,Too High,39546.7821,Low,TRUE
2220909,220909 (2005 EO1),1.393285055,Too High,60107.90548,High,FALSE
2420262,420262 (2011 KD11),0.549591464,Too High,57335.15683,High,FALSE
3653536,(2013 VK5),0.472106499,Too High,71732.84845,Too High,FALSE
3694453,(2014 US56),0.034201093,Too Low,29028.63318,Too Low,FALSE
3736778,(2015 XA378),0.039268108,Too Low,45610.72329,Low,FALSE
3738971,(2015 YE2),0.054205079,Low,29704.21702,Too Low,FALSE
3752787,(2016 JE6),0.08590926,Low,76508.45376,Too High,FALSE
3789142,(2017 VN2),0.019680675,Too Low,29273.52801,Too Low,FALSE
3805267,(2018 HQ),0.293792009,High,65119.424,High,TRUE
3843623,(2019 QW2),0.065168838,Low,15725.52392,Too Low,FALSE
2467460,467460 (2006 JF42),0.859092601,Too High,80466.17443,Too High,TRUE
3092275,(2000 WG10),0.124176661,Low,16153.85353,Too Low,FALSE
3549564,(2010 TM167),0.375007522,High,59139.09978,High,FALSE
2574660,574660 (2010 TM167),0.371569432,High,59139.12987,High,FALSE
2139056,139056 (2001 FY),0.937648318,Too High,4628.843555,Too Low,FALSE
3182170,(2004 JO1),0.392681082,High,115053.5357,Too High,FALSE
3297231,(2005 UW3),0.08590926,Low,36230.79744,Low,FALSE
3408586,(2008 GS3),0.225964377,High,72281.54284,Too High,FALSE
3615463,(2012 UK171),0.076920125,Low,35741.94378,Low,FALSE
3710245,(2015 CZ13),0.941976306,Too High,70451.27315,Too High,TRUE
3736003,(2015 XR55),0.498930414,Too High,82390.99896,Too High,FALSE
3774382,(2017 HT49),0.037500752,Too Low,37957.36968,Low,FALSE
3824979,(2018 KT),0.358129403,High,28526.92436,Too Low,FALSE
54138701,(2021 GD24),0.036311148,Too Low,59354.64686,High,FALSE
3516406,(2010 GH65),1.081533507,Too High,67376.25958,Too High,FALSE
3739222,(2016 AT8),0.098637028,Low,21793.95272,Too Low,FALSE
3764838,(2016 WR8),0.019680675,Too Low,48071.03884,Low,FALSE
3836310,(2018 WW1),0.059434687,Low,67069.03155,Too High,FALSE
54203702,(2021 TS3),0.021088223,Too Low,20960.01546,Too Low,FALSE
2614643,614643 (2010 GH65),1.000092059,Too High,67376.2597,Too High,FALSE
2010563,10563 Izhdubar (1993 WD),2.432427915,Too High,125629.5311,Too High,FALSE
2086667,86667 (2000 FO10),1.828268509,Too High,108927.1548,Too High,FALSE
2488515,488515 (2001 FE90),0.450858206,Too High,32678.05447,Low,TRUE
3483204,(2009 XQ1),0.206081961,High,46737.43874,Low,FALSE
3519519,(2010 JL1),0.04721065,Too Low,64163.72445,High,FALSE
3732894,(2015 UC67),0.704757942,Too High,48536.2189,High,FALSE
3744853,(2016 DP2),0.039268108,Too Low,59369.2393,High,FALSE
3752568,(2016 HG19),0.142573883,Low,77569.68281,Too High,FALSE
3164412,(2003 UO25),0.179489885,High,41219.44266,Low,FALSE
3467313,(2009 SB15),0.450858206,Too High,114315.0195,Too High,FALSE
3520666,(2010 JV34),0.401827799,High,78802.18993,Too High,TRUE
3545552,(2010 RF12),0.012417666,Too Low,12658.12933,Too Low,FALSE
3748517,(2016 FT14),0.065168838,Low,71858.0892,Too High,FALSE
3799834,(2018 EW1),0.03266179,Too Low,26112.18364,Too Low,FALSE
3831064,(2018 SB3),0.045085821,Too Low,21765.77098,Too Low,FALSE
3989350,(2020 BE15),0.557237043,Too High,90365.78842,Too High,FALSE
3063823,(2000 WP19),0.171411509,Low,43788.87423,Low,FALSE
3522631,(2010 KC),0.087104377,Low,46469.08586,Low,FALSE
3639436,(2013 KJ6),0.651688382,Too High,62371.22287,High,FALSE
3734562,(2015 VO105),0.089958039,Low,29131.19038,Too Low,FALSE
3752432,(2016 HE3),0.082042707,Low,39691.50578,Low,FALSE
3824095,(2018 JT2),0.078350176,Low,101394.0259,Too High,FALSE
3841961,(2019 KD),0.118587791,Low,49214.95316,High,FALSE
3991576,(2020 CF2),0.017948989,Too Low,17307.46566,Too Low,FALSE
54016955,(2020 JG),0.041118757,Too Low,92225.82841,Too High,FALSE
54054724,(2020 SX6),0.022492617,Too Low,18899.30889,Too Low,FALSE
54100692,(2020 YP),0.07145621,Low,43855.78217,Low,FALSE
54134948,(2021 GK2),0.128836815,Low,48162.26801,Low,FALSE
2612197,612197 (2000 WP19),0.154184238,Low,43788.87464,Low,FALSE
3483887,(2009 YS),0.051765448,Too Low,26246.22856,Too Low,FALSE
3747305,(2016 ED157),0.070151987,Low,4066.110788,Too Low,FALSE
54054405,(2020 SB),0.517654482,Too High,58672.598,High,FALSE
2005587,5587 (1990 SB),10.23387195,Too High,39643.36305,Low,FALSE
3618296,(2012 WH1),0.098637028,Low,59338.67375,High,FALSE
3774066,(2017 HU2),0.039268108,Too Low,40599.15563,Low,FALSE
3831203,(2018 TO1),0.271668934,High,72831.25079,Too High,TRUE
54248558,(2022 DZ2),0.089958039,Low,27032.86084,Too Low,FALSE
3079018,(2001 KD55),0.450858206,Too High,25448.72963,Too Low,FALSE
3564854,(2011 JY1),0.07145621,Low,74051.33218,Too High,FALSE
3662637,(2014 DG23),0.056759685,Low,58248.50228,High,FALSE
3669249,(2014 HB124),0.147244804,Low,108156.8776,Too High,FALSE
3825007,(2018 KK1),0.118587791,Low,106729.4563,Too High,FALSE
54051089,(2020 PM4),0.247765013,High,38813.38696,Low,TRUE
54226410,(2021 XK1),0.032362345,Too Low,68945.8908,Too High,FALSE
2368203,368203 (2001 KO2),0.494356193,Too High,38292.78025,Low,TRUE
2413260,413260 (2003 TL4),0.765667087,Too High,65012.73348,High,TRUE
2455199,455199 (2000 YK4),0.651688382,Too High,39768.89801,Low,FALSE
2523585,523585 (1998 MW5),0.916304836,Too High,71945.61315,Too High,FALSE
3076784,(2001 HL31),0.517654482,Too High,90456.03582,Too High,TRUE
3092342,(2001 SH276),0.714562102,Too High,41860.27864,Low,FALSE
3655366,(2013 YD),0.113250461,Low,65103.62838,High,FALSE
3732669,(2015 UH52),0.03581294,Too Low,64713.24366,High,FALSE
3745995,(2016 EO84),0.206081961,High,90837.72042,Too High,FALSE
3763475,(2016 VL3),0.082042707,Low,23966.1295,Too Low,FALSE
3774691,(2017 KZ2),0.059434687,Low,59755.29958,High,FALSE
54016664,(2020 HJ3),0.179489885,High,72062.77174,Too High,FALSE
3076783,(2001 HK31),0.375007522,High,27118.56444,Too Low,FALSE
3448963,(2009 DB43),0.029787906,Too Low,18138.24745,Too Low,FALSE
3519490,(2010 JG),0.392681082,High,90278.4235,Too High,TRUE
3746000,(2016 EU84),0.009419763,Too Low,28682.6583,Too Low,FALSE
3791015,(2017 XS),0.171411509,Low,58139.46974,High,FALSE
3798987,(2018 BY6),0.130028927,Low,26964.42885,Too Low,FALSE
54109175,(2021 CC),0.048757337,Too Low,41477.71314,Low,FALSE
3342322,(2006 SE6),0.156329154,Low,43525.78925,Low,FALSE
3359094,(2006 WV),0.021579431,Too Low,80553.59922,Too High,FALSE
3718321,(2015 HZ116),0.078350176,Low,33330.18199,Low,FALSE
3754328,(2016 MH),0.23661375,High,31553.24686,Low,FALSE
3775247,(2017 LP1),0.259441818,High,32510.57663,Low,FALSE
2337345,337345 (2001 KO20),0.450858206,Too High,26715.06214,Too Low,FALSE
2524196,524196 (2001 QP181),1.127301225,Too High,56467.92643,High,FALSE
3444300,(2009 BG),0.04721065,Too Low,28938.80475,Too Low,FALSE
3457390,(2009 HG),0.089958039,Low,11563.78311,Too Low,FALSE
3763274,(2016 VB1),0.011482593,Too Low,63793.34923,High,FALSE
3831887,(2018 UC1),0.271668934,High,36580.18705,Low,FALSE
54217199,(2021 VY4),0.0307638,Too Low,62957.97977,High,FALSE
3092299,(2001 KW18),0.037500752,Too Low,15395.67657,Too Low,FALSE
3092301,(2001 KD68),0.171411509,Low,16342.45901,Too Low,FALSE
3388485,(2007 TN74),0.045085821,Too Low,27713.95291,Too Low,FALSE
3600600,(2012 EQ3),0.188816516,High,125976.0755,Too High,FALSE
3621805,(2012 YY6),0.326617897,High,58731.41208,High,TRUE
3656788,(2014 BW2),0.622357573,Too High,68614.90626,Too High,TRUE
3837805,(2019 AU9),0.027166893,Too Low,35272.07686,Low,FALSE
3841742,(2019 JF2),0.187948982,High,59414.39861,High,FALSE
54016771,(2020 HY6),0.024776501,Too Low,32763.53062,Low,FALSE
54254975,(2022 EL5),0.022492617,Too Low,9267.531308,Too Low,FALSE
2538212,538212 (2016 CA136),0.79440136,Too High,131436.9005,Too High,TRUE
3076899,(2001 JW1),0.517654482,Too High,63091.68686,High,FALSE
3257080,(2004 UB),0.472106499,Too High,68519.52428,Too High,FALSE
3759714,(2016 SE1),0.171411509,Low,73301.64269,Too High,FALSE
3831897,(2018 UM1),0.113250461,Low,39169.2633,Low,FALSE
54017003,(2020 JQ1),0.03581294,Too Low,40527.63609,Low,FALSE
2516398,516398 (2001 HW15),0.517654482,Too High,36811.62111,Low,FALSE
3063058,(2000 WC1),0.215794305,High,50937.42974,High,TRUE
3252104,(2004 RO111),0.130028927,Low,45604.81381,Low,FALSE
3376345,(2007 JB21),0.049435619,Too Low,49614.44037,High,FALSE
54055074,(2020 TC2),0.411187571,High,55003.3394,High,FALSE
2419624,419624 (2010 SO16),0.469937367,Too High,42877.64954,Low,TRUE
3182822,(2004 KF1),0.411187571,High,39183.87144,Low,FALSE
3754548,(2016 NV15),0.651688382,Too High,45963.32097,Low,FALSE
2153349,153349 (2001 PJ9),1.207925025,Too High,60405.52563,High,FALSE
3125003,(2002 JE9),0.311917671,High,35605.42678,Low,TRUE
3249865,(2004 QA2),0.206081961,High,65383.41191,High,FALSE
3837644,(2019 AY3),0.103285648,Low,71182.8025,Too High,FALSE
54017088,(2020 KV),0.059434687,Low,46477.09455,Low,FALSE
54017288,(2020 KG6),0.859092601,Too High,152172.1335,Too High,TRUE
54097970,(2020 XS),0.342010925,High,108236.1784,Too High,FALSE
54137141,(2021 GN9),0.132446345,Low,67442.20432,Too High,FALSE
54223983,(2021 WP),0.015923553,Too Low,17264.21458,Too Low,FALSE
2612358,612358 (2002 JE9),0.314803809,High,35605.42736,Low,TRUE
3292014,(2005 SZ70),0.078350176,Low,82290.95991,Too High,FALSE
3520760,(2010 JK41),0.567596853,Too High,49643.8379,High,FALSE
3566699,(2011 KY15),0.089958039,Low,76617.36258,Too High,FALSE
3653472,(2013 VQ4),0.259441818,High,38103.42983,Low,FALSE
3736517,(2015 XY261),0.021579431,Too Low,79775.17812,Too High,FALSE
3892776,(2019 VF5),0.018794898,Too Low,72508.73856,Too High,FALSE
2085990,85990 (1999 JV6),0.524855773,Too High,20832.17849,Too Low,TRUE
2459200,459200 (2012 DK61),0.375007522,High,38750.42834,Low,FALSE
3578624,(2011 SM5),0.138051134,Low,56908.44778,High,FALSE
3596264,(2012 BA35),0.10569148,Low,12276.3156,Too Low,FALSE
3713071,(2015 EZ6),0.011325046,Too Low,54038.6299,High,FALSE
3729840,(2015 TA145),0.297879063,High,17514.73495,Too Low,FALSE
3824060,(2018 JH1),0.051765448,Too Low,103990.0238,Too High,FALSE
54087438,(2020 VW),0.011858779,Too Low,58401.09794,High,FALSE
3076774,(2001 GP2),0.031191767,Too Low,6836.353009,Too Low,FALSE
3672464,(2014 KM39),0.078350176,Low,71259.21148,Too High,FALSE
3796293,(2018 AJ),0.074823838,Low,21833.43848,Too Low,FALSE
3798991,(2018 CB),0.039268108,Too Low,22518.13814,Too Low,FALSE
54017077,(2020 KL),0.065168838,Low,28812.30715,Too Low,FALSE
2066391,66391 Moshup (1999 KW4),2.85785361,Too High,73688.18585,Too High,TRUE
3180145,(2004 HZ),0.179489885,High,32654.28963,Low,FALSE
3550073,(2010 UJ7),0.049435619,Too Low,56161.07308,High,FALSE
3824065,(2018 JN1),0.206081961,High,48725.87013,High,FALSE
54194346,(2021 RV5),0.544552779,Too High,98841.84826,Too High,FALSE
2217837,217837 (2001 LC),0.847305409,Too High,69921.78088,Too High,FALSE
2472263,472263 (2014 RP12),1.30028927,Too High,75484.95923,Too High,FALSE
3371143,(2007 EO88),0.031191767,Too Low,35695.03163,Low,FALSE
3536635,(2010 OB),0.247765013,High,62607.33875,High,FALSE
3553704,(2010 XA68),0.247765013,High,108149.1924,Too High,TRUE
3644727,(2013 NJ4),0.019680675,Too Low,13607.99252,Too Low,FALSE
3684353,(2014 QU362),0.073120639,Low,10453.23147,Too Low,FALSE
3703059,(2014 YE15),0.013002893,Too Low,39047.683,Low,FALSE
3566463,(2011 KE3),0.098637028,Low,18713.42089,Too Low,FALSE
3733861,(2015 VT64),0.037500752,Too Low,34964.74839,Low,FALSE
3762164,(2016 UZ56),0.098637028,Low,27261.10745,Too Low,FALSE
3768653,(2017 CW1),0.311917671,High,44930.17377,Low,FALSE
3825088,(2018 LM),0.054205079,Low,49897.40766,High,FALSE
3838094,(2019 CQ),0.472106499,Too High,963.1920793,Too Low,FALSE
3841534,(2019 HQ),0.034201093,Too Low,64045.62727,High,FALSE
3893740,(2019 WK5),0.430566244,High,33751.57095,Low,FALSE
3986746,(2020 BG1),0.225964377,High,26207.02903,Too Low,FALSE
54073345,(2020 UE),0.046348958,Too Low,36720.07773,Low,FALSE
54153124,(2021 LK),0.026548499,Too Low,62840.62476,High,FALSE
54265880,(2022 FP2),0.012532565,Too Low,59895.57862,High,FALSE
2252558,252558 (2001 WT1),0.542050786,Too High,53176.04229,High,FALSE
3752012,(2016 GW221),0.065771838,Low,43429.58527,Low,FALSE
3893742,(2019 WL5),0.130028927,Low,51485.90482,High,FALSE
3989400,(2020 CG),0.055212826,Low,24860.39482,Too Low,FALSE
54017316,(2020 KJ7),0.056759685,Low,57722.26067,High,FALSE
54088821,(2020 WX),0.113250461,Low,49247.19497,High,FALSE
2139345,139345 (2001 KA67),2.704207287,Too High,81397.05305,Too High,FALSE
2480922,480922 (2002 XP37),0.494356193,Too High,66692.15589,High,FALSE
3092479,(2001 VH5),0.345175513,High,52109.12218,High,FALSE
3249785,(2004 QB),0.651688382,Too High,55509.75659,High,TRUE
3550134,(2010 VK),0.326617897,High,98577.1922,Too High,FALSE
3621619,(2012 YN1),0.136157002,Low,49903.55343,High,FALSE
3683393,(2014 QN266),0.03266179,Too Low,8607.115326,Too Low,FALSE
54217983,(2021 VT7),0.259441818,High,53333.38098,High,FALSE
3653917,(2013 WU44),0.375007522,High,33486.88983,Low,FALSE
3718388,(2015 HN117),0.156329154,Low,40250.15911,Low,FALSE
3736674,(2015 XU351),0.820427065,Too High,60326.8077,High,FALSE
3775115,(2017 KJ32),0.009863703,Too Low,62335.78062,High,FALSE
2461353,461353 (1999 LS7),0.411187571,High,29682.37822,Too Low,FALSE
3077854,(2001 KU66),0.089958039,Low,39300.41181,Low,FALSE
3696450,(2014 WO7),0.472106499,Too High,69284.61033,Too High,FALSE
3724245,(2015 OQ21),0.015632915,Too Low,51780.91969,High,FALSE
3836720,(2018 XN),0.098637028,Low,24017.01242,Too Low,FALSE
2068347,68347 (2001 KB67),0.628116177,Too High,45334.70302,Low,TRUE
2481965,481965 (2009 EB1),0.432553648,High,34717.67817,Low,FALSE
3736412,(2015 XX169),0.019680675,Too Low,19979.51027,Too Low,FALSE
3879296,(2019 UO2),0.041118757,Too Low,62483.55359,High,FALSE
3971137,(2019 YL6),0.051765448,Too Low,21705.05525,Too Low,FALSE
2173664,173664 (2001 JU2),0.688715693,Too High,13541.75537,Too Low,FALSE
3475231,(2009 VP),0.171411509,Low,45926.64629,Low,FALSE
3614639,(2012 UR138),0.311917671,High,46924.88415,Low,TRUE
3761480,(2016 UZ25),0.284472297,High,110199.7673,Too High,TRUE
54017542,(2020 LE2),0.215794305,High,12362.30327,Too Low,FALSE
2468468,468468 (2004 KH17),0.247765013,High,47613.1411,Low,TRUE
3076812,(2001 JV1),0.297879063,High,35265.15566,Low,TRUE
3384484,(2007 RY19),0.176213825,High,26377.87375,Too Low,FALSE
3461178,(2009 KW2),0.02844723,Too Low,17545.76768,Too Low,FALSE
3589300,(2011 WP46),0.622357573,Too High,69245.31937,Too High,FALSE
3883100,(2019 UY7),0.019680675,Too Low,31851.16942,Low,FALSE
54053916,(2020 RF3),0.011858779,Too Low,40393.60299,Low,FALSE
2152931,152931 (2000 EA107),3.499773826,Too High,57992.43716,High,FALSE
2398188,398188 Agni (2010 LE15),0.783501764,Too High,64793.56771,High,TRUE
2418849,418849 (2008 WM64),0.478674154,Too High,82930.03982,Too High,TRUE
2533638,533638 (2014 KT86),0.494356193,Too High,40893.61446,Low,FALSE
3077026,(2001 KM20),0.098183832,Low,19226.0146,Too Low,FALSE
3726712,(2015 RT1),0.049435619,Too Low,31099.84024,Too Low,FALSE
54034193,(2020 NU),0.187948982,High,20838.08394,Too Low,FALSE
54048881,(2020 OC1),0.031191767,Too Low,38616.23892,Low,FALSE
2138947,138947 (2001 BA40),1.023387195,Too High,36354.05028,Low,FALSE
2480856,480856 (2001 NZ1),1.393285055,Too High,48337.32235,High,FALSE
3092334,(2001 SC170),0.494356193,Too High,34888.51052,Low,FALSE
3398648,(2007 YM56),0.204192591,High,26170.4216,Too Low,FALSE
3771641,(2017 FB3),0.039268108,Too Low,19031.87557,Too Low,FALSE
3836110,(2018 VA5),0.031191767,Too Low,41760.63138,Low,FALSE
3879543,(2019 UF5),0.045085821,Too Low,27669.01773,Too Low,FALSE
54166590,(2021 MU2),0.714562102,Too High,94880.74662,Too High,TRUE
2285179,285179 (1996 TY11),0.859092601,Too High,53801.4169,High,FALSE
3092492,(2001 VC76),0.682401509,Too High,53317.42023,High,FALSE
3169273,(2003 XJ7),0.031191767,Too Low,52484.02538,High,FALSE
3444370,(2009 BH2),0.187948982,High,64183.90826,High,FALSE
3471581,(2009 TE10),1.032856481,Too High,106998.1296,Too High,FALSE
3703437,(2015 AP43),0.622357573,Too High,63969.84386,High,FALSE
3753293,(2016 JZ28),0.247765013,High,42761.36105,Low,FALSE
3824057,(2018 JE1),0.622357573,Too High,62590.09319,High,FALSE
3841529,(2019 HO),0.094632427,Low,72409.5202,Too High,FALSE
3843885,(2019 SQ),0.039268108,Too Low,27882.09165,Too Low,FALSE
54121898,(2021 CT8),0.559809132,Too High,80415.51634,Too High,FALSE
3078262,(2001 LD),0.494356193,Too High,66672.33403,High,TRUE
3736679,(2015 XE352),0.385513844,High,33986.93809,Low,TRUE
3759758,(2016 SU2),0.017948989,Too Low,67141.07003,Too High,FALSE
3771636,(2017 FE3),0.136157002,Low,23711.38556,Too Low,FALSE
3797498,(2018 AG4),0.03581294,Too Low,58413.04198,High,FALSE
3892316,(2019 VO1),0.215794305,High,74810.6357,Too High,FALSE
54017369,(2020 LE),0.225964377,High,42787.75999,Low,FALSE
54106289,(2021 AP7),0.259441818,High,23861.53067,Too Low,FALSE
54161066,(2021 LK9),0.047867415,Too Low,71221.35754,Too High,FALSE
2162120,162120 (1998 SH36),0.472106499,Too High,38369.15343,Low,TRUE
3092225,(1999 LJ1),0.215794305,High,48145.9583,Low,FALSE
3092303,(2001 MS3),0.094197631,Low,31268.70199,Too Low,FALSE
3824998,(2018 KH1),0.247765013,High,81259.66839,Too High,FALSE
3892010,(2019 UE13),0.043056624,Too Low,43648.97075,Low,FALSE
2001865,1865 Cerberus (1971 UA),2.679414966,Too High,49785.7346,High,FALSE
2189630,189630 (2001 LE6),1.621959399,Too High,51810.41797,High,FALSE
2341050,341050 (2007 HZ),0.505871228,Too High,24753.25699,Too Low,FALSE
2452334,452334 (2001 LB),0.375007522,High,43381.38029,Low,FALSE
3182820,(2004 KZ),0.04721065,Too Low,84608.43354,Too High,FALSE
3468527,(2009 SM104),0.113250461,Low,54170.11307,High,FALSE
3553152,(2010 XF11),0.051765448,Too Low,25239.23218,Too Low,FALSE
3666428,(2014 FZ),0.023661375,Too Low,63597.09016,High,FALSE
3765610,(2016 XR1),0.085121639,Low,22698.12181,Too Low,FALSE
3825158,(2018 LR3),0.032511723,Too Low,25833.19261,Too Low,FALSE
54212588,(2021 UF1),0.057814927,Low,70091.14759,Too High,FALSE
54216175,(2021 US11),0.52244428,Too High,14983.45707,Too Low,FALSE
3440395,(2008 WS62),0.056759685,Low,53213.48088,High,FALSE
3554418,(2010 YH),0.594346868,Too High,82125.68577,Too High,FALSE
3605885,(2012 MO3),0.403682552,High,66828.55489,High,FALSE
3735470,(2015 WA2),0.358129403,High,58901.75847,High,TRUE
3748496,(2016 FY13),0.084341239,Low,86450.76712,Too High,FALSE
54076013,(2020 UC4),0.035978245,Too Low,29020.83799,Too Low,FALSE
54159407,(2021 LK6),0.012474984,Too Low,64832.19988,High,FALSE
3532401,(2010 MS1),0.259441818,High,25652.77479,Too Low,FALSE
3625068,(2013 BO27),0.094197631,Low,45177.85088,Low,FALSE
3826850,(2018 PU23),0.014257388,Too Low,40286.64234,Low,FALSE
54017559,(2020 MX),0.094197631,Low,19061.8477,Too Low,FALSE
54105103,(2021 AD4),0.043857107,Too Low,23905.72503,Too Low,FALSE
3313729,(2006 BU7),0.03266179,Too Low,19424.7845,Too Low,FALSE
3721995,(2015 MF60),0.682401509,Too High,84996.94858,Too High,FALSE
3753786,(2016 LX8),0.098637028,Low,80111.32572,Too High,FALSE
3761747,(2016 UO41),0.078350176,Low,63772.00574,High,FALSE
54137509,(2021 GS12),0.045085821,Too Low,18708.06415,Too Low,FALSE
2329915,329915 (2005 MB),2.259643771,Too High,85677.34512,Too High,FALSE
3413165,(2008 LG2),0.054205079,Low,70498.06921,Too High,FALSE
3536621,(2010 NB2),0.567596853,Too High,103782.08,Too High,FALSE
3550129,(2010 VE),0.651688382,Too High,38286.58401,Low,FALSE
3743902,(2016 CV246),0.049435619,Too Low,14772.82209,Too Low,FALSE
3775156,(2017 LA),0.542050786,Too High,71125.67581,Too High,FALSE
3825419,(2018 LQ15),0.411187571,High,71341.65519,Too High,FALSE
54017580,(2020 MS1),0.130028927,Low,61275.09449,High,FALSE
3264188,(2004 YC),0.045085821,Too Low,43839.6313,Low,FALSE
3643996,(2013 LX28),0.259441818,High,81832.15023,Too High,FALSE
3653922,(2013 WW44),0.494356193,Too High,68082.44041,Too High,FALSE
3763275,(2016 VZ),0.039268108,Too Low,47547.86668,Low,FALSE
54220859,(2021 VP22),0.016984,Too Low,31393.13677,Low,FALSE
3670140,(2014 HN178),0.118587791,Low,25011.74175,Too Low,FALSE
3283227,(2005 MR5),0.517654482,Too High,78962.84196,Too High,FALSE
3773755,(2017 GO4),0.059434687,Low,15684.86713,Too Low,FALSE
3797491,(2018 AD4),0.156329154,Low,37277.298,Low,FALSE
3825005,(2018 KG1),0.899580388,Too High,86061.15031,Too High,FALSE
3842620,(2019 KJ3),0.049435619,Too Low,12102.10953,Too Low,FALSE
54175300,(2021 OD1),0.013183781,Too Low,53438.15614,High,FALSE
3127389,(2002 LW),0.196806745,High,35463.39298,Low,FALSE
3152318,(2003 GR22),0.23661375,High,56298.45208,High,TRUE
3182823,(2004 KG1),0.089958039,Low,28806.60209,Too Low,FALSE
3550300,(2010 VD1),0.225964377,High,67602.48824,Too High,FALSE
3670630,(2014 JU15),0.065168838,Low,51859.80654,High,FALSE
3774574,(2017 JJ2),0.056759685,Low,65600.05482,High,FALSE
3797456,(2018 AN2),0.065168838,Low,44356.01905,Low,FALSE
54201807,(2021 SY3),0.023661375,Too Low,38654.98591,Low,FALSE
54239541,(2022 BA),0.316256878,High,78733.01294,Too High,TRUE
2329340,329340 (2001 LM5),0.828018383,Too High,24047.46362,Too Low,FALSE
3177193,(2004 EL20),0.027166893,Too Low,35024.53146,Low,FALSE
2108519,108519 (2001 LF),1.592355304,Too High,34335.9259,Low,FALSE
2152637,152637 (1997 NC1),1.499822895,Too High,48415.21568,High,TRUE
3414391,(2008 MG1),0.622357573,Too High,67514.05232,Too High,FALSE
3831876,(2018 UC),0.039268108,Too Low,66149.77318,High,FALSE
3869331,(2019 SB6),0.025944182,Too Low,21432.76929,Too Low,FALSE
54131528,(2021 EL4),0.041308553,Too Low,21377.69609,Too Low,FALSE
2523661,523661 (2012 LF11),0.411187571,High,35929.59306,Low,FALSE
3673866,(2014 MR5),0.082042707,Low,32413.26485,Low,FALSE
3825132,(2018 LQ2),0.062235757,Low,32159.96722,Low,FALSE
54016666,(2020 HF3),0.078350176,Low,47901.16295,Low,FALSE
2139289,139289 (2001 KR1),1.729975604,Too High,86539.35808,Too High,FALSE
2431698,431698 (2008 ES),1.30028927,Too High,78122.53293,Too High,FALSE
2535844,535844 (2015 BY310),0.251211767,High,71230.53082,Too High,TRUE
3463175,(2009 LW2),0.682401509,Too High,59569.95256,High,TRUE
3709924,(2015 CR),0.130028927,Low,39523.63812,Low,FALSE
54016228,(2020 FM1),0.008204271,Too Low,28298.5235,Too Low,FALSE
2413216,413216 (2003 MA),0.929051906,Too High,47192.71215,Low,FALSE
3728523,(2015 SY),0.130028927,Low,65468.56547,High,FALSE
3799747,(2018 DV1),0.012417666,Too Low,27335.76349,Too Low,FALSE
3888733,(2019 UR11),0.381979432,High,57328.93241,High,FALSE
2450185,450185 (2001 WJ2),0.63101543,Too High,51626.97352,High,FALSE
2466191,466191 (2012 KL45),1.032856481,Too High,68125.15416,Too High,FALSE
3258062,(2004 UH1),0.014257388,Too Low,32314.86261,Low,FALSE
3535790,(2010 NA),0.450858206,Too High,102274.1972,Too High,FALSE
3767925,(2017 BN93),0.049435619,Too Low,15481.78152,Too Low,FALSE
54087744,(2020 VB3),0.006824015,Too Low,13472.80459,Too Low,FALSE
3183840,(2004 LK),0.171411509,Low,41666.12548,Low,FALSE
3258076,(2004 UT1),0.02844723,Too Low,49041.70225,High,FALSE
3267405,(2005 CG41),0.108153351,Low,94865.5988,Too High,FALSE
3634388,(2013 GR38),0.259441818,High,43383.05073,Low,TRUE
3741145,(2016 BV39),0.259441818,High,61401.75326,High,FALSE
3745899,(2016 EL56),0.358129403,High,148000.8234,Too High,TRUE
3781451,(2017 RK15),0.043455023,Too Low,42389.5377,Low,FALSE
3788080,(2017 UN7),0.043056624,Too Low,22121.50085,Too Low,FALSE
3825236,(2018 LO5),0.392681082,High,83243.83806,Too High,FALSE
3837606,(2019 AG3),0.125904131,Low,83844.36904,Too High,FALSE
54130498,(2021 EY1),0.027418266,Too Low,66532.99402,High,FALSE
54167562,(2021 NY3),0.037328452,Too Low,85370.21268,Too High,FALSE
54177987,(2021 PJ1),0.040368255,Too Low,30319.41568,Too Low,FALSE
54194352,(2021 RB6),0.014792446,Too Low,57538.10685,High,FALSE
2396793,396793 (2004 JN2),0.567596853,Too High,106890.4952,Too High,FALSE
3136724,(2002 RS129),0.159970528,Low,34488.63379,Low,FALSE
3655562,(2013 YK48),0.118587791,Low,61673.68212,High,FALSE
3835871,(2018 VA),0.027166893,Too Low,16723.43159,Too Low,FALSE
2001620,1620 Geographos (1951 RA),5.082062231,Too High,30602.44436,Too Low,TRUE
3412755,(2008 KV2),0.340439527,High,42194.41413,Low,TRUE
3478009,(2009 WD11),0.235526609,High,38744.86838,Low,FALSE
3655566,(2013 YM70),0.472106499,Too High,37512.27586,Low,FALSE
3775208,(2017 LE1),0.043056624,Too Low,65322.44026,High,FALSE
54216335,(2021 VK3),0.004808836,Too Low,30397.14985,Too Low,FALSE
2443104,443104 (2013 XK22),0.082042707,Low,44066.74356,Low,FALSE
54017324,(2020 KQ7),0.029787906,Too Low,12097.59632,Too Low,FALSE
2163693,163693 Atira (2003 CP20),3.17716653,Too High,64578.676,High,FALSE
2392476,392476 (2011 GD3),0.899580388,Too High,96142.45073,Too High,FALSE
3092478,(2001 UQ163),0.392681082,High,61016.69023,High,FALSE
3170221,(2003 YN107),0.029787906,Too Low,8223.010476,Too Low,FALSE
3313733,(2006 BC8),0.056759685,Low,31333.95667,Low,FALSE
3653692,(2013 VM13),0.085514543,Low,11545.76235,Too Low,FALSE
3678630,(2014 OL339),0.156329154,Low,33573.12718,Low,FALSE
3754252,(2016 LM48),0.442629117,High,44851.77529,Low,FALSE
3939968,(2019 WB7),0.078350176,Low,49178.69033,High,FALSE
2153220,153220 (2000 YN29),1.959025002,Too High,83516.92143,Too High,TRUE
2162922,162922 (2001 OY13),0.411187571,High,35819.97817,Low,TRUE
3092304,(2001 NY1),0.136157002,Low,34899.4535,Low,FALSE
3418110,(2008 NP3),0.161450717,Low,74130.67706,Too High,FALSE
2613995,613995 (2008 NP3),0.161450717,Low,74130.67712,Too High,FALSE
2011500,11500 Tomaiyowit (1989 UR),1.288368146,Too High,84690.97504,Too High,TRUE
2164342,164342 (2005 CP),0.411187571,High,57711.70843,High,FALSE
2480858,480858 (2001 PT9),0.414992243,High,32249.42216,Low,TRUE
2481543,481543 (2007 RN7),0.275448225,High,17301.07798,Too Low,FALSE
3471518,(2009 TK8),0.567596853,Too High,52954.31948,High,FALSE
3527904,(2010 LF14),0.108153351,Low,55536.35016,High,FALSE
3607411,(2012 PG6),0.517654482,Too High,118497.2996,Too High,FALSE
3630815,(2013 ES11),0.108153351,Low,32169.69399,Low,FALSE
3776278,(2017 MU8),0.297879063,High,80224.42689,Too High,TRUE
3789618,(2017 WZ12),0.024776501,Too Low,34201.68114,Low,FALSE
3827304,(2018 RR1),0.005943469,Too Low,13521.5781,Too Low,FALSE
3843082,(2019 MF3),0.163696721,Low,79329.58235,Too High,FALSE
54097866,(2020 XF),0.025470647,Too Low,21334.91709,Too Low,FALSE
3102762,(2002 AA29),0.089958039,Low,21912.90243,Too Low,FALSE
3289172,(2005 QP87),0.017141151,Too Low,36351.8674,Low,FALSE
3463759,(2009 ME9),0.342010925,High,59566.60514,High,FALSE
3653322,(2013 UM9),0.07145621,Low,17768.81485,Too Low,FALSE
3795124,(2017 YF7),0.113250461,Low,25017.84733,Too Low,FALSE
3836309,(2018 WV1),0.005176545,Too Low,12475.87551,Too Low,FALSE
54139319,(2021 HP2),0.019410646,Too Low,25952.87142,Too Low,FALSE
2333311,333311 (2001 MR3),0.941976306,Too High,9951.054091,Too Low,FALSE
2506459,506459 (2002 AL14),1.556108872,Too High,65670.33133,High,FALSE
3702321,(2014 YF),0.193214617,High,25091.42956,Too Low,FALSE
3754379,(2016 NR),0.103285648,Low,72647.98709,Too High,FALSE
54017323,(2020 KP7),0.247765013,High,45157.11815,Low,FALSE
54017652,(2020 MK3),0.041118757,Too Low,28058.87831,Too Low,FALSE
54244776,(2022 BJ8),0.701519874,Too High,31172.63121,Too Low,FALSE
2139359,139359 (2001 ME1),2.978790628,Too High,96606.70839,Too High,TRUE
2230111,230111 (2001 BE10),0.899580388,Too High,65341.25169,High,TRUE
2382503,382503 (2001 RE8),0.859092601,Too High,31613.01051,Low,FALSE
3655450,(2013 YA14),0.113250461,Low,71852.23083,Too High,FALSE
3673857,(2014 MV2),0.583498816,Too High,20109.74525,Too Low,FALSE
3837955,(2019 BA1),0.216790366,High,48741.01675,High,FALSE
3986739,(2020 BW),0.082042707,Low,48804.01261,High,FALSE
54016780,(2020 HK7),0.254706471,High,63673.36694,High,FALSE
2585734,585734 (2019 BA1),0.215794305,High,48741.0165,High,FALSE
54240511,(2022 BP4),0.016750971,Too Low,35770.66793,Low,FALSE
2494710,494710 (2005 MO13),0.411187571,High,29186.51509,Too Low,TRUE
3102756,(2002 AO11),0.171411509,Low,33465.51668,Low,FALSE
3329371,(2006 GC1),0.472106499,Too High,154566.8113,Too High,TRUE
3515065,(2010 GS7),0.297879063,High,44387.18041,Low,TRUE
3588013,(2011 WL2),0.430566244,High,32406.46907,Low,TRUE
2549948,549948 (2011 WL2),0.430566244,High,32406.46903,Low,TRUE
2276891,276891 (2004 RH340),0.731206391,Too High,55722.55983,High,FALSE
3604617,(2012 KT12),0.025944182,Too Low,13211.00447,Too Low,FALSE
3591611,(2011 YG6),0.359782453,High,50596.083,High,TRUE
3627060,(2013 DG),0.078350176,Low,65772.71163,High,FALSE
3655755,(2014 AA17),0.542050786,Too High,103371.0495,Too High,FALSE
3760891,(2016 TY55),0.024776501,Too Low,15685.042,Too Low,FALSE
3802421,(2018 GJ1),0.411187571,High,43445.03425,Low,TRUE
54048814,(2020 NJ1),0.171411509,Low,23983.75168,Too Low,FALSE
54104073,(2021 AC),0.109154081,Low,59086.80927,High,FALSE
2539856,539856 (2017 EV2),0.387293295,High,48389.27491,High,FALSE
3079913,(2001 MY7),0.259441818,High,49629.21045,High,FALSE
3617713,(2012 VS76),0.023661375,Too Low,31321.19785,Too Low,FALSE
3765641,(2016 XB2),0.292442157,High,69715.25081,Too High,FALSE
3776069,(2017 MZ3),0.215794305,High,91052.86364,Too High,FALSE
3797478,(2018 AL3),0.082042707,Low,19785.18934,Too Low,FALSE
3831076,(2018 SY2),0.411187571,High,54335.42822,High,FALSE
3905995,(2019 XF1),0.206081961,High,30353.68073,Too Low,FALSE
54248207,(2022 DV),0.029244216,Too Low,25926.7416,Too Low,FALSE
2085990,85990 (1999 JV6),0.524855773,Too High,25305.2294,Too Low,TRUE
3064315,(1998 XN17),0.163696721,Low,29821.77083,Too Low,FALSE
3050517,(2000 TU28),0.358129403,High,18961.91468,Too Low,TRUE
3370168,(2007 EG),0.07145621,Low,60773.0278,High,FALSE
3592018,(2012 AY),0.196806745,High,72327.74733,Too High,FALSE
3644814,(2013 NG10),0.171411509,Low,86331.45944,Too High,FALSE
3713903,(2015 FE33),0.67303861,Too High,88930.46366,Too High,FALSE
3714116,(2015 FZ35),0.783501764,Too High,90019.44423,Too High,FALSE
3972422,(2020 AW),0.010666943,Too Low,45863.13651,Low,FALSE
2509073,509073 (2005 UM5),0.418832119,High,66320.74915,High,FALSE
3733862,(2015 VU64),0.004508582,Too Low,16150.38814,Too Low,FALSE
2369984,369984 (1998 QR52),1.032856481,Too High,72442.51215,Too High,FALSE
3079905,(2001 MD1),0.311917671,High,24543.37407,Too Low,FALSE
3426410,(2008 QV11),0.320656449,High,37660.27591,Low,FALSE
3606252,(2012 OO),0.450858206,Too High,67250.03111,Too High,TRUE
3663745,(2014 EQ12),0.358129403,High,64027.7792,High,TRUE
3761394,(2016 UA6),0.041118757,Too Low,63085.59176,High,FALSE
3843158,(2019 NX2),0.351592805,High,101526.2316,Too High,FALSE
54049359,(2020 OU3),0.113250461,Low,26039.75467,Too Low,FALSE
2249816,249816 (2001 FD90),0.899580388,Too High,47465.42817,Low,FALSE
3273968,(2005 ER95),0.049435619,Too Low,12970.81657,Too Low,FALSE
3695652,(2014 UA192),0.820427065,Too High,6829.173481,Too Low,FALSE
3824107,(2018 JB3),1.737960809,Too High,70164.74449,Too High,FALSE
3825239,(2018 LP5),0.411187571,High,61099.32879,High,FALSE
3893382,(2019 WW),0.07145621,Low,52637.66152,High,FALSE
3023012,(1999 RA32),0.342010925,High,53420.13411,High,FALSE
3091895,(2001 QE34),0.941976306,Too High,56919.31457,High,FALSE
3346460,(2006 SS134),0.311917671,High,47706.15398,Low,TRUE
3562548,(2011 GB55),0.259441818,High,96061.0631,Too High,FALSE
3606312,(2012 PA),0.512908597,Too High,48497.20961,High,FALSE
3825024,(2018 KM2),0.494356193,Too High,26229.01797,Too Low,FALSE
3825570,(2018 NG1),0.206081961,High,78598.79298,Too High,FALSE
54106579,(2021 BR2),0.003981438,Too Low,27734.08589,Too Low,FALSE
3092144,(1996 BG1),0.103285648,Low,45778.04782,Low,FALSE
3273445,(2005 DO),0.682401509,Too High,90556.08187,Too High,FALSE
3548887,(2010 TE55),0.014929318,Too Low,35873.12901,Low,FALSE
3768613,(2017 BN123),0.179489885,High,76835.53124,Too High,FALSE
3837602,(2019 AC3),0.020608196,Too Low,44789.95149,Low,FALSE
54134545,(2021 GR),0.013553142,Too Low,20351.25891,Too Low,FALSE
2138859,138859 (2000 WN63),0.946324271,Too High,90184.2818,Too High,FALSE
2469929,469929 (2006 AK8),0.375007522,High,54832.47568,High,FALSE
2499986,499986 (2011 NP),0.613818507,Too High,74387.73117,Too High,FALSE
3596035,(2012 BB14),0.059434687,Low,19161.95959,Too Low,FALSE
3703372,(2015 AW16),0.271668934,High,65711.6485,High,FALSE
54099645,(2020 XG4),0.148607244,Low,71225.41327,Too High,FALSE
54219790,(2021 VX11),0.034201093,Too Low,24583.4624,Too Low,FALSE
54248345,(2022 DN1),0.032362345,Too Low,34324.03227,Low,FALSE
2162421,162421 (2000 ET70),1.259041307,Too High,56643.68752,High,TRUE
3102731,(2002 AB2),0.129431498,Low,64838.37306,High,FALSE
3405616,(2008 EU68),0.247765013,High,73820.9746,Too High,FALSE
3760680,(2016 TZ19),0.139328506,Low,45816.52769,Low,FALSE
3761485,(2016 UC31),0.07145621,Low,44325.81782,Low,FALSE
3794969,(2017 YD1),0.005943469,Too Low,56578.80871,High,FALSE
3986830,(2020 BR2),0.041118757,Too Low,19495.32005,Too Low,FALSE
54099344,(2020 XP2),0.223892723,High,41391.70933,Low,FALSE
2152828,152828 (1999 VT25),0.358129403,High,62517.67216,High,TRUE
2325395,325395 (2009 CQ5),1.870854353,Too High,37263.54697,Low,TRUE
3144532,(2002 XT90),1.032856481,Too High,87821.02811,Too High,FALSE
3555162,(2011 AM24),0.472106499,Too High,35669.32788,Low,TRUE
3710916,(2015 DD1),0.004943562,Too Low,23343.79853,Too Low,FALSE
54106310,(2021 BZ),0.066380417,Low,45738.69966,Low,FALSE
3091293,(2001 NE13),0.567596853,Too High,22179.47026,Too Low,FALSE
3426411,(2008 QW11),0.130028927,Low,67956.31494,Too High,FALSE
3483327,(2009 XP2),0.054205079,Low,21374.64295,Too Low,FALSE
3550117,(2010 VB),0.045085821,Too Low,31878.81572,Low,FALSE
3623682,(2013 AF53),0.029787906,Too Low,29246.86613,Too Low,FALSE
3789124,(2017 VD2),0.297879063,High,53337.8816,High,FALSE
3842597,(2019 KN2),0.022596438,Too Low,49376.05522,High,FALSE
3879292,(2019 UN2),0.054205079,Low,27317.89329,Too Low,FALSE
2088264,88264 (2001 KN20),2.312277636,Too High,36389.89484,Low,FALSE
